#
# A fatal error has been detected by the Java Runtime Environment:
#
#  SIGSEGV (0xb) at pc=0x000072c99fc1b619, pid=133698, tid=133752
#
# JRE version: OpenJDK Runtime Environment (21.0.10+7) (build 21.0.10+7-Ubuntu-124.04)
# Java VM: OpenJDK 64-Bit Server VM (21.0.10+7-Ubuntu-124.04, mixed mode, sharing, tiered, compressed oops, compressed class ptrs, g1 gc, linux-amd64)
# Problematic frame:
# V  [libjvm.so+0x81b619]  G1ParScanThreadState::trim_queue_to_threshold(unsigned int)+0x3319
#
# Core dump will be written. Default location: Core dumps may be processed with "/usr/share/apport/apport -p%p -s%s -c%c -d%d -P%P -u%u -g%g -F%F -- %E" (or dumping to /home/lucky/Downloads/lucky-pos/core.133698)
#
# If you would like to submit a bug report, please visit:
#   https://bugs.launchpad.net/ubuntu/+source/openjdk-21
#

---------------  S U M M A R Y ------------

Command Line: --enable-native-access=ALL-UNNAMED -Dfile.encoding=UTF-8 -Dclassworlds.conf=/snap/intellij-idea/54/plugins/maven/lib/maven3/bin/m2.conf -Dmaven.home=/snap/intellij-idea/54/plugins/maven/lib/maven3 -Dlibrary.jansi.path=/snap/intellij-idea/54/plugins/maven/lib/maven3/lib/jansi-native -Dmaven.multiModuleProjectDirectory=/home/lucky/Downloads/lucky-pos org.codehaus.plexus.classworlds.launcher.Launcher -Didea.version=2026.1 -Dmaven.ext.class.path=/snap/intellij-idea/54/plugins/maven/lib/intellij.maven.rt/maven-event-listener.jar -Djansi.passthrough=true -Dstyle.color=always -Dmaven.repo.local=/home/lucky/.m2/repository install -f pom.xml

Host: Intel(R) Core(TM) i7-9750H CPU @ 2.60GHz, 12 cores, 15G, Ubuntu 24.04.4 LTS
Time: Fri Apr  3 19:18:28 2026 +0530 elapsed time: 1.852124 seconds (0d 0h 0m 1s)

---------------  T H R E A D  ---------------

Current thread (0x000072c9140097c0):  WorkerThread "GC Thread#3"    [id=133752, stack(0x000072c96cd00000,0x000072c96ce00000) (1024K)]

Stack: [0x000072c96cd00000,0x000072c96ce00000],  sp=0x000072c96cdfd520,  free space=1013k
Native frames: (J=compiled Java code, j=interpreted, Vv=VM code, C=native code)
V  [libjvm.so+0x81b619]  G1ParScanThreadState::trim_queue_to_threshold(unsigned int)+0x3319
V  [libjvm.so+0x83bb9c]  G1ParCopyClosure<(G1Barrier)0, true>::do_oop(oopDesc**)+0x9c
V  [libjvm.so+0xcf271c]  InterpreterOopMap::iterate_oop(OffsetClosure*) const+0xfc
V  [libjvm.so+0x79c03c]  frame::oops_interpreted_do(OopClosure*, RegisterMap const*, bool) const+0x18c
V  [libjvm.so+0x92a9f6]  JavaThread::oops_do_frames(OopClosure*, CodeBlobClosure*) [clone .part.0]+0xd6
V  [libjvm.so+0xf8f9eb]  Thread::oops_do(OopClosure*, CodeBlobClosure*)+0x9b
V  [libjvm.so+0xf9c3ca]  Threads::possibly_parallel_oops_do(bool, OopClosure*, CodeBlobClosure*)+0x10a
V  [libjvm.so+0x83e2d3]  G1RootProcessor::process_java_roots(G1RootClosures*, G1GCPhaseTimes*, unsigned int)+0x73
V  [libjvm.so+0x83e3b5]  G1RootProcessor::evacuate_roots(G1ParScanThreadState*, unsigned int)+0x65
V  [libjvm.so+0x8523e6]  G1EvacuateRegionsTask::scan_roots(G1ParScanThreadState*, unsigned int)+0x26
V  [libjvm.so+0x852659]  G1EvacuateRegionsBaseTask::work(unsigned int)+0x89
V  [libjvm.so+0x104a280]  WorkerThread::run()+0x80
V  [libjvm.so+0xf8fef7]  Thread::call_run()+0xa7
V  [libjvm.so+0xd06565]  thread_native_entry(Thread*)+0xd5
C  [libc.so.6+0x9caa4]
JavaThread 0x000072c99801a1b0 (nid = 133729) was being processed
Java frames: (J=compiled Java code, j=interpreted, Vv=VM code)
j  com.sun.tools.javac.jvm.ClassReader.<init>(Lcom/sun/tools/javac/util/Context;)V+152 jdk.compiler@21.0.10
j  com.sun.tools.javac.jvm.ClassReader.instance(Lcom/sun/tools/javac/util/Context;)Lcom/sun/tools/javac/jvm/ClassReader;+20 jdk.compiler@21.0.10
j  com.sun.tools.javac.code.ClassFinder.<init>(Lcom/sun/tools/javac/util/Context;)V+46 jdk.compiler@21.0.10
j  com.sun.tools.javac.code.ClassFinder.instance(Lcom/sun/tools/javac/util/Context;)Lcom/sun/tools/javac/code/ClassFinder;+20 jdk.compiler@21.0.10
j  com.sun.tools.javac.main.JavaCompiler.<init>(Lcom/sun/tools/javac/util/Context;)V+130 jdk.compiler@21.0.10
j  com.sun.tools.javac.main.JavaCompiler.instance(Lcom/sun/tools/javac/util/Context;)Lcom/sun/tools/javac/main/JavaCompiler;+20 jdk.compiler@21.0.10
j  com.sun.tools.javac.processing.JavacProcessingEnvironment.<init>(Lcom/sun/tools/javac/util/Context;)V+125 jdk.compiler@21.0.10
j  com.sun.tools.javac.processing.JavacProcessingEnvironment.instance(Lcom/sun/tools/javac/util/Context;)Lcom/sun/tools/javac/processing/JavacProcessingEnvironment;+19 jdk.compiler@21.0.10
j  com.sun.tools.javac.api.BasicJavacTask.initPlugins(Ljava/util/Set;)V+148 jdk.compiler@21.0.10
j  com.sun.tools.javac.api.JavacTaskImpl.prepareCompiler(Z)V+103 jdk.compiler@21.0.10
j  com.sun.tools.javac.api.JavacTaskImpl.lambda$doCall$0()Lcom/sun/tools/javac/main/Main$Result;+2 jdk.compiler@21.0.10
j  com.sun.tools.javac.api.JavacTaskImpl$$Lambda+0x000072c92027d800.call()Ljava/lang/Object;+4 jdk.compiler@21.0.10
j  com.sun.tools.javac.api.JavacTaskImpl.invocationHelper(Ljava/util/concurrent/Callable;)Lcom/sun/tools/javac/util/Pair;+20 jdk.compiler@21.0.10
j  com.sun.tools.javac.api.JavacTaskImpl.doCall()Lcom/sun/tools/javac/main/Main$Result;+7 jdk.compiler@21.0.10
j  com.sun.tools.javac.api.JavacTaskImpl.call()Ljava/lang/Boolean;+1 jdk.compiler@21.0.10
j  org.codehaus.plexus.compiler.javac.JavaxToolsCompiler.compileInProcess([Ljava/lang/String;Lorg/codehaus/plexus/compiler/CompilerConfiguration;[Ljava/lang/String;)Lorg/codehaus/plexus/compiler/CompilerResult;+136
j  org.codehaus.plexus.compiler.javac.JavacCompiler.performCompile(Lorg/codehaus/plexus/compiler/CompilerConfiguration;)Lorg/codehaus/plexus/compiler/CompilerResult;+137
j  org.apache.maven.plugin.compiler.AbstractCompilerMojo.execute()V+3680
j  org.apache.maven.plugin.compiler.CompilerMojo.execute()V+44
j  org.apache.maven.plugin.DefaultBuildPluginManager.executeMojo(Lorg/apache/maven/execution/MavenSession;Lorg/apache/maven/plugin/MojoExecution;)V+152
j  org.apache.maven.lifecycle.internal.MojoExecutor.doExecute2(Lorg/apache/maven/execution/MavenSession;Lorg/apache/maven/plugin/MojoExecution;)V+20
j  org.apache.maven.lifecycle.internal.MojoExecutor.doExecute(Lorg/apache/maven/execution/MavenSession;Lorg/apache/maven/plugin/MojoExecution;Lorg/apache/maven/lifecycle/internal/ProjectIndex;Lorg/apache/maven/lifecycle/internal/DependencyContext;)V+40
j  org.apache.maven.lifecycle.internal.MojoExecutor.execute(Lorg/apache/maven/execution/MavenSession;Lorg/apache/maven/plugin/MojoExecution;Lorg/apache/maven/lifecycle/internal/ProjectIndex;Lorg/apache/maven/lifecycle/internal/DependencyContext;)V+183
j  org.apache.maven.lifecycle.internal.MojoExecutor.execute(Lorg/apache/maven/execution/MavenSession;Lorg/apache/maven/plugin/MojoExecution;Lorg/apache/maven/lifecycle/internal/ProjectIndex;Lorg/apache/maven/lifecycle/internal/DependencyContext;Lorg/apache/maven/lifecycle/internal/PhaseRecorder;)V+6
j  org.apache.maven.lifecycle.internal.MojoExecutor.access$000(Lorg/apache/maven/lifecycle/internal/MojoExecutor;Lorg/apache/maven/execution/MavenSession;Lorg/apache/maven/plugin/MojoExecution;Lorg/apache/maven/lifecycle/internal/ProjectIndex;Lorg/apache/maven/lifecycle/internal/DependencyContext;Lorg/apache/maven/lifecycle/internal/PhaseRecorder;)V+8
j  org.apache.maven.lifecycle.internal.MojoExecutor$1.run(Lorg/apache/maven/plugin/MojoExecution;)V+21
j  org.apache.maven.plugin.DefaultMojosExecutionStrategy.execute(Ljava/util/List;Lorg/apache/maven/execution/MavenSession;Lorg/apache/maven/plugin/MojoExecutionRunner;)V+33
j  org.apache.maven.lifecycle.internal.MojoExecutor.execute(Lorg/apache/maven/execution/MavenSession;Ljava/util/List;Lorg/apache/maven/lifecycle/internal/ProjectIndex;)V+72
j  org.apache.maven.lifecycle.internal.LifecycleModuleBuilder.buildProject(Lorg/apache/maven/execution/MavenSession;Lorg/apache/maven/execution/MavenSession;Lorg/apache/maven/lifecycle/internal/ReactorContext;Lorg/apache/maven/project/MavenProject;Lorg/apache/maven/lifecycle/internal/TaskSegment;)V+151
j  org.apache.maven.lifecycle.internal.LifecycleModuleBuilder.buildProject(Lorg/apache/maven/execution/MavenSession;Lorg/apache/maven/lifecycle/internal/ReactorContext;Lorg/apache/maven/project/MavenProject;Lorg/apache/maven/lifecycle/internal/TaskSegment;)V+7
j  org.apache.maven.lifecycle.internal.builder.singlethreaded.SingleThreadedBuilder.build(Lorg/apache/maven/execution/MavenSession;Lorg/apache/maven/lifecycle/internal/ReactorContext;Lorg/apache/maven/lifecycle/internal/ProjectBuildList;Ljava/util/List;Lorg/apache/maven/lifecycle/internal/ReactorBuildStatus;)V+77
j  org.apache.maven.lifecycle.internal.LifecycleStarter.execute(Lorg/apache/maven/execution/MavenSession;)V+343
j  org.apache.maven.DefaultMaven.doExecute(Lorg/apache/maven/execution/MavenExecutionRequest;Lorg/apache/maven/execution/MavenSession;Lorg/apache/maven/execution/MavenExecutionResult;Lorg/eclipse/aether/DefaultRepositorySystemSession;)Lorg/apache/maven/execution/MavenExecutionResult;+418
j  org.apache.maven.DefaultMaven.doExecute(Lorg/apache/maven/execution/MavenExecutionRequest;)Lorg/apache/maven/execution/MavenExecutionResult;+98
j  org.apache.maven.DefaultMaven.execute(Lorg/apache/maven/execution/MavenExecutionRequest;)Lorg/apache/maven/execution/MavenExecutionResult;+2
j  org.apache.maven.cli.MavenCli.execute(Lorg/apache/maven/cli/CliRequest;)I+27
j  org.apache.maven.cli.MavenCli.doMain(Lorg/apache/maven/cli/CliRequest;)I+66
j  org.apache.maven.cli.MavenCli.main([Ljava/lang/String;Lorg/codehaus/plexus/classworlds/ClassWorld;)I+24
j  java.lang.invoke.DirectMethodHandle$Holder.invokeStatic(Ljava/lang/Object;Ljava/lang/Object;Ljava/lang/Object;)I+11 java.base@21.0.10
j  java.lang.invoke.LambdaForm$MH+0x000072c920009400.invoke(Ljava/lang/Object;Ljava/lang/Object;Ljava/lang/Object;Ljava/lang/Object;)Ljava/lang/Object;+54 java.base@21.0.10
j  java.lang.invoke.LambdaForm$MH+0x000072c920009800.invokeExact_MT(Ljava/lang/Object;Ljava/lang/Object;Ljava/lang/Object;Ljava/lang/Object;Ljava/lang/Object;)Ljava/lang/Object;+22 java.base@21.0.10
j  jdk.internal.reflect.DirectMethodHandleAccessor.invokeImpl(Ljava/lang/Object;[Ljava/lang/Object;)Ljava/lang/Object;+72 java.base@21.0.10
j  jdk.internal.reflect.DirectMethodHandleAccessor.invoke(Ljava/lang/Object;[Ljava/lang/Object;)Ljava/lang/Object;+23 java.base@21.0.10
j  java.lang.reflect.Method.invoke(Ljava/lang/Object;[Ljava/lang/Object;)Ljava/lang/Object;+102 java.base@21.0.10
j  org.codehaus.plexus.classworlds.launcher.Launcher.launchEnhanced([Ljava/lang/String;)V+45
j  org.codehaus.plexus.classworlds.launcher.Launcher.launch([Ljava/lang/String;)V+2
j  org.codehaus.plexus.classworlds.launcher.Launcher.mainWithExitCode([Ljava/lang/String;)I+108
j  org.codehaus.plexus.classworlds.launcher.Launcher.main([Ljava/lang/String;)V+1
v  ~StubRoutines::call_stub 0x000072c987d37cc6

siginfo: si_signo: 11 (SIGSEGV), si_code: 128 (SI_KERNEL), si_addr: 0x0000000000000000

Registers:
RAX=0x000600050005000e, RBX=0x000072c8d4000d80, RCX=0x000072c99f6e67c0, RDX=0x0000000000000000
RSP=0x000072c96cdfd520, RBP=0x000072c96cdfd5c0, RSI=0x00000007178bbe78, RDI=0x000072c91f00a878
R8 =0x0000000000000001, R9 =0x0000000000000001, R10=0x0000000000000000, R11=0x0000000000000001
R12=0x0000000713aa6ec5, R13=0x00000007178bbe78, R14=0x000072c9a08cc708, R15=0x000072c9a08caeb0
RIP=0x000072c99fc1b619, EFLAGS=0x0000000000010206, CSGSFS=0x002b000000000033, ERR=0x0000000000000000
  TRAPNO=0x000000000000000d

XMM[0]=0x00000001011070d8 0x0000000000000001
XMM[1]=0xe2f176cae2f176b7 0x0000000000000000
XMM[2]=0x00000000e2f176dc 0xe2f176cae2f176b7
XMM[3]=0xe2f1a66400000000 0x00000001011070d8
XMM[4]=0x0000000000000000 0x0000000000000000
XMM[5]=0x0000000000000000 0x0000000000000000
XMM[6]=0x0000000000000000 0x0000000000000000
XMM[7]=0x00000000e2f1a1c5 0xe2f1a1ade2f1a195
XMM[8]=0xe2f1a11de2f1a105 0xe2f1a0ede2f1a0d5
XMM[9]=0x0000000000000000 0x0000000000000000
XMM[10]=0x3f3f3f3f3f3f3f3f 0x3f3f3f3f3f3f3f3f
XMM[11]=0x9999999999999999 0x9999999999999999
XMM[12]=0x2020202020202020 0x2020202020202020
XMM[13]=0x0000000000000000 0x0000000000000000
XMM[14]=0x0000000000000000 0x0000000000000000
XMM[15]=0x0000000000000000 0x0000000000000000
  MXCSR=0x00001fa2


Register to memory mapping:

RAX=0x000600050005000e is an unknown value
RBX=0x000072c8d4000d80 points into unknown readable memory: 0x000072c9a08005d8 | d8 05 80 a0 c9 72 00 00
RCX=0x000072c99f6e67c0: <offset 0x00000000002e67c0> in /usr/lib/jvm/java-21-openjdk-amd64/lib/server/libjvm.so at 0x000072c99f400000
RDX=0x0 is null
RSP=0x000072c96cdfd520 points into unknown readable memory: 0x000072c9140097c0 | c0 97 00 14 c9 72 00 00
RBP=0x000072c96cdfd5c0 points into unknown readable memory: 0x000072c96cdfd620 | 20 d6 df 6c c9 72 00 00
RSI=
[error occurred during error reporting (printing register info), id 0xb, SIGSEGV (0xb) at pc=0x000072c99fbc80b9]
RDI=0x000072c91f00a878 is pointing into metadata
R8 =0x0000000000000001 is an unknown value
R9 =0x0000000000000001 is an unknown value
R10=0x0 is null
R11=0x0000000000000001 is an unknown value
R12=
[error occurred during error reporting (printing register info, attempt 2), id 0xb, SIGSEGV (0xb) at pc=0x000072c99fbc8056]
R13=
[error occurred during error reporting (printing register info, attempt 3), id 0xb, SIGSEGV (0xb) at pc=0x000072c99fbc80b9]
Top of Stack: (sp=0x000072c96cdfd520)
0x000072c96cdfd520:   000072c9140097c0 0000000714e0db30
0x000072c96cdfd530:   0000000713aa67c8 000000000000001c
0x000072c96cdfd540:   0000000000000001 0000000000000009
0x000072c96cdfd550:   0000000000000001 0000000000000001
0x000072c96cdfd560:   000072c91f00a878 0000000713aa6e00
0x000072c96cdfd570:   000000406cdfd580 000072c9a090d601
0x000072c96cdfd580:   000172c96cdfd5a0 0000000000000001
0x000072c96cdfd590:   0000000000000db9 000072c8d4000d80
0x000072c96cdfd5a0:   0000000714e0db30 000072c99f3fd8e8
0x000072c96cdfd5b0:   0000000000000001 0000000015554555
0x000072c96cdfd5c0:   000072c96cdfd620 000072c99fc3bb9c
0x000072c96cdfd5d0:   000072c96cdfd630 000072c8e0004b30
0x000072c96cdfd5e0:   000000006de3065b 000000011bf14098
0x000072c96cdfd5f0:   000072c96cdfd670 0000000000000000
0x000072c96cdfd600:   0000000000000004 000000000000001c
0x000072c96cdfd610:   0000000000000001 0000000015554555
0x000072c96cdfd620:   000072c96cdfd670 000072c9a00f271c
0x000072c96cdfd630:   000072c96cdfd6f0 000072c96cdfd6d0
0x000072c96cdfd640:   000072c96cdfd6f0 000072c96cdfd6f0
0x000072c96cdfd650:   000072c96cdfd6c0 000072c96cdfd7c0
0x000072c96cdfd660:   0000000000000001 0000000000000e60
0x000072c96cdfd670:   000072c96cdfd760 000072c99fb9c03c
0x000072c96cdfd680:   000072c8f4012cc0 000072c8f4012cd0
0x000072c96cdfd690:   000072c914009b70 000072c8f4012cd0
0x000072c96cdfd6a0:   00000000000003d8 001c000000000000
0x000072c96cdfd6b0:   000072c96cdfd7f8 000072c9140097c0
0x000072c96cdfd6c0:   000072c91c026418 000072c9140097c0
0x000072c96cdfd6d0:   000072c9a07ff4e0 000072c96cdfd7c0
0x000072c96cdfd6e0:   000072c8e0003cb8 000000060000001c
0x000072c96cdfd6f0:   000072c91c026418 0000003800000e60
0x000072c96cdfd700:   000072c900000000 0000000015554555
0x000072c96cdfd710:   0000000000000000 0000000000000000 

Instructions: (pc=0x000072c99fc1b619)
0x000072c99fc1b519:   2c f0 8d 41 01 25 ff ff 01 00 89 82 80 00 00 00
0x000072c99fc1b529:   e9 37 fe ff ff 4c 8b 45 a0 4c 8b 55 a8 49 89 db
0x000072c99fc1b539:   e9 38 d4 ff ff 4c 8b 45 a8 4c 8b 7d a0 4d 89 eb
0x000072c99fc1b549:   49 89 da e9 6d dd ff ff 49 8b 87 80 01 00 00 89
0x000072c99fc1b559:   ce 4c 89 24 f0 8d 41 01 25 ff ff 01 00 41 89 87
0x000072c99fc1b569:   80 00 00 00 e9 5f fc ff ff 48 89 fe 4c 89 d7 ff
0x000072c99fc1b579:   d2 4c 8b 4d a0 44 8b 45 a8 48 89 c2 49 8b 84 24
0x000072c99fc1b589:   88 02 00 00 48 8b 4d b8 48 8d 04 c2 e9 75 e2 ff
0x000072c99fc1b599:   ff 49 8b 96 80 02 00 00 48 8d 0d f8 24 fb ff 49
0x000072c99fc1b5a9:   8d be 80 02 00 00 48 83 c0 08 48 8b 12 48 39 ca
0x000072c99fc1b5b9:   0f 85 bf 16 00 00 48 89 c7 e8 89 a9 ff ff 48 89
0x000072c99fc1b5c9:   c2 49 8b 86 88 02 00 00 48 8d 04 c2 e9 8d f9 ff
0x000072c99fc1b5d9:   ff 74 0a be 0c 00 00 00 e9 93 f2 ff ff 48 8b 00
0x000072c99fc1b5e9:   48 8d 0d d0 b1 ac ff 45 31 d2 48 8b 80 00 01 00
0x000072c99fc1b5f9:   00 48 39 c8 0f 84 5e e8 ff ff 4c 89 4d 90 48 8b
0x000072c99fc1b609:   7d a0 4c 89 ee 4c 89 5d 98 88 55 a8 44 88 45 b8
0x000072c99fc1b619:   ff d0 4c 8b 4d 90 4c 8b 5d 98 0f b6 55 a8 44 0f
0x000072c99fc1b629:   b6 45 b8 49 89 c2 e9 2d e8 ff ff 48 89 fe 4c 89
0x000072c99fc1b639:   c7 ff d1 48 8b 55 b8 48 89 c1 49 8b 87 88 02 00
0x000072c99fc1b649:   00 48 8d 04 c1 e9 69 e3 ff ff 74 0a be 0c 00 00
0x000072c99fc1b659:   00 e9 c9 f1 ff ff 48 8b 00 48 8d 0d 57 b1 ac ff
0x000072c99fc1b669:   45 31 ff 48 8b 80 00 01 00 00 48 39 c8 0f 84 8d
0x000072c99fc1b679:   e6 ff ff 4c 89 45 88 48 8b 7d a0 4c 89 ee 4c 89
0x000072c99fc1b689:   5d 90 88 55 98 44 88 4d b8 ff d0 4c 8b 45 88 4c
0x000072c99fc1b699:   8b 5d 90 0f b6 55 98 44 0f b6 4d b8 49 89 c7 e9
0x000072c99fc1b6a9:   5c e6 ff ff 31 d2 be 05 00 00 00 bf 18 02 00 00
0x000072c99fc1b6b9:   4c 89 45 b8 e8 2e dc c0 ff 4c 8b 45 b8 48 89 80
0x000072c99fc1b6c9:   00 02 00 00 48 89 c1 48 c7 80 08 02 00 00 00 00
0x000072c99fc1b6d9:   00 00 48 c7 80 10 02 00 00 00 00 00 00 49 89 40
0x000072c99fc1b6e9:   18 49 81 00 18 02 00 00 48 8b 80 00 02 00 00 e9
0x000072c99fc1b6f9:   26 ed ff ff 49 8b 84 24 80 01 00 00 89 ce 48 89
0x000072c99fc1b709:   14 f0 8d 41 01 25 ff ff 01 00 49 8b 3f 41 8b 77 


Stack slot to memory mapping:

stack at sp + 0 slots: 0x000072c9140097c0 points into unknown readable memory: 0x000072c9a08c2fe8 | e8 2f 8c a0 c9 72 00 00
stack at sp + 1 slots: 0x0000000714e0db30 is an oop: org.apache.maven.plugin.compiler.CompilerMojo 
{0x0000000714e0db30} - klass: 'org/apache/maven/plugin/compiler/CompilerMojo'
 - ---- fields (total size 28 words):
 - private 'log' 'Lorg/apache/maven/plugin/logging/Log;' @12  a 'org/apache/maven/monitor/logging/DefaultLog'{0x0000000714e2cc00} (0xe29c5980)
 - private 'pluginContext' 'Ljava/util/Map;' @16  a 'java/util/concurrent/ConcurrentHashMap'{0x0000000714e2c320} (0xe29c5864)
 - private 'staleMillis' 'I' @20  0 (0x00000000)
 - private 'failOnError' 'Z' @24  true (0x01)
 - private 'failOnWarning' 'Z' @25  false (0x00)
 - private 'debug' 'Z' @26  true (0x01)
 - private 'parameters' 'Z' @27  false (0x00)
 - private 'enablePreview' 'Z' @28  false (0x00)
 - private 'verbose' 'Z' @29  false (0x00)
 - private 'showDeprecation' 'Z' @30  false (0x00)
 - private 'optimize' 'Z' @31  false (0x00)
 - private 'showWarnings' 'Z' @32  true (0x01)
 - private 'fork' 'Z' @33  false (0x00)
 - private 'annotationProcessorPathsUseDepMgmt' 'Z' @34  false (0x00)
 - private 'skipMultiThreadWarning' 'Z' @35  false (0x00)
 - private 'forceJavacCompilerUse' 'Z' @36  false (0x00)
 - private 'forceLegacyJavacApi' 'Z' @37  false (0x00)
 - private 'useIncrementalCompilation' 'Z' @38  true (0x01)
 - private 'createMissingPackageInfoClass' 'Z' @39  true (0x01)
 - private 'showCompilationChanges' 'Z' @40  false (0x00)
 - private 'targetOrReleaseSet' 'Z' @41  true (0x01)
 - protected 'source' 'Ljava/lang/String;' @44  "21"{0x00000007144cd298} (0xe2899a53)
 - protected 'target' 'Ljava/lang/String;' @48  "21"{0x00000007144cd328} (0xe2899a65)
 - protected 'release' 'Ljava/lang/String;' @52  null (0x00000000)
 - private 'encoding' 'Ljava/lang/String;' @56  "UTF-8"{0x00000007144cd208} (0xe2899a41)
 - private 'compilerId' 'Ljava/lang/String;' @60  "javac"{0x0000000716eee660} (0xe2dddccc)
 - private 'compilerVersion' 'Ljava/lang/String;' @64  null (0x00000000)
 - private 'meminitial' 'Ljava/lang/String;' @68  null (0x00000000)
 - private 'maxmem' 'Ljava/lang/String;' @72  null (0x00000000)
 - private 'executable' 'Ljava/lang/String;' @76  null (0x00000000)
 - private 'proc' 'Ljava/lang/String;' @80  null (0x00000000)
 - private 'annotationProcessors' '[Ljava/lang/String;' @84  null (0x00000000)
 - private 'annotationProcessorPaths' 'Ljava/util/List;' @88  null (0x00000000)
 - protected 'compilerArguments' 'Ljava/util/Map;' @92  null (0x00000000)
 - protected 'compilerArgs' 'Ljava/util/List;' @96  null (0x00000000)
 - protected 'compilerArgument' 'Ljava/lang/String;' @100  null (0x00000000)
 - private 'outputFileName' 'Ljava/lang/String;' @104  null (0x00000000)
 - private 'debuglevel' 'Ljava/lang/String;' @108  null (0x00000000)
 - private 'implicit' 'Ljava/lang/String;' @112  null (0x00000000)
 - private 'toolchainManager' 'Lorg/apache/maven/toolchain/ToolchainManager;' @116  a 'org/apache/maven/toolchain/DefaultToolchainManager'{0x0000000714e1c4b8} (0xe29c3897)
 - private 'jdkToolchain' 'Ljava/util/Map;' @120  null (0x00000000)
 - private 'basedir' 'Ljava/io/File;' @124  a 'java/io/File'{0x0000000714e3e3e0} (0xe29c7c7c)
 - private 'buildDirectory' 'Ljava/io/File;' @128  a 'java/io/File'{0x0000000714e41570} (0xe29c82ae)
 - private 'compilerManager' 'Lorg/codehaus/plexus/compiler/manager/CompilerManager;' @132  a 'org/codehaus/plexus/compiler/manager/DefaultCompilerManager'{0x0000000714e1fe90} (0xe29c3fd2)
 - private 'session' 'Lorg/apache/maven/execution/MavenSession;' @136  a 'org/apache/maven/execution/MavenSession'{0x0000000714451540} (0xe288a2a8)
 - private 'project' 'Lorg/apache/maven/project/MavenProject;' @140  a 'org/apache/maven/project/MavenProject'{0x0000000713ecdcb8} (0xe27d9b97)
 - private 'compilerReuseStrategy' 'Ljava/lang/String;' @144  "reuseCreated"{0x0000000714e0dc10} (0xe29c1b82)
 - private 'mojoExecution' 'Lorg/apache/maven/plugin/MojoExecution;' @148  a 'org/apache/maven/plugin/MojoExecution'{0x00000007170014b8} (0xe2e00297)
 - private 'fileExtensions' 'Ljava/util/Set;' @152  a 'java/util/HashSet'{0x0000000714e6ce90} (0xe29cd9d2)
 - private 'outputTimestamp' 'Ljava/lang/String;' @156  null (0x00000000)
 - private 'repositorySystem' 'Lorg/eclipse/aether/RepositorySystem;' @160  a 'org/eclipse/aether/internal/impl/DefaultRepositorySystem'{0x0000000714235e38} (0xe2846bc7)
 - private 'artifactHandlerManager' 'Lorg/apache/maven/artifact/handler/manager/ArtifactHandlerManager;' @164  a 'org/apache/maven/artifact/handler/manager/DefaultArtifactHandlerManager'{0x00000007144d5c58} (0xe289ab8b)
 - private 'skipMain' 'Z' @42  false (0x00)
 - private 'multiReleaseOutput' 'Z' @43  false (0x00)
 - private 'compileSourceRoots' 'Ljava/util/List;' @168  a 'org/apache/maven/project/MavenProject$LoggingList'{0x0000000714e4c190} (0xe29c9832)
 - private 'outputDirectory' 'Ljava/io/File;' @172  a 'java/io/File'{0x0000000714e919a0} (0xe29d2334)
 - private 'projectArtifact' 'Lorg/apache/maven/artifact/Artifact;' @176  a 'org/apache/maven/artifact/DefaultArtifact'{0x0000000717e7e518} (0xe2fcfca3)
 - private 'includes' 'Ljava/util/Set;' @180  a 'java/util/HashSet'{0x0000000714e0dcb8} (0xe29c1b97)
 - private 'excludes' 'Ljava/util/Set;' @184  a 'java/util/HashSet'{0x0000000714e0dcf8} (0xe29c1b9f)
 - private 'incrementalExcludes' 'Ljava/util/Set;' @188  a 'java/util/HashSet'{0x0000000714e0dd38} (0xe29c1ba7)
 - private 'generatedSourcesDirectory' 'Ljava/io/File;' @192  a 'java/io/File'{0x0000000714e83760} (0xe29d06ec)
 - private 'compilePath' 'Ljava/util/List;' @196  a 'java/util/ArrayList'{0x0000000714e43c50} (0xe29c878a)
 - private 'debugFileName' 'Ljava/lang/String;' @200  "javac"{0x0000000716eef680} (0xe2ddded0)
 - final 'locationManager' 'Lorg/codehaus/plexus/languages/java/jpms/LocationManager;' @204  a 'org/codehaus/plexus/languages/java/jpms/LocationManager'{0x0000000714e0dd78} (0xe29c1baf)
 - private 'classpathElements' 'Ljava/util/List;' @208  a 'java/util/ArrayList'{0x0000000714f3b050} (0xe29e760a)
 - private 'modulepathElements' 'Ljava/util/List;' @212  a 'java/util/Collections$EmptyList'{0x000000071446b270} (0xe288d64e)
 - private 'pathElements' 'Ljava/util/Map;' @216  a 'java/util/Collections$EmptyMap'{0x000000071443dac8} (0xe2887b59)
stack at sp + 2 slots: 0x0000000713aa67c8 is an oop: org.apache.maven.model.Plugin 
{0x0000000713aa67c8} - klass: 'org/apache/maven/model/Plugin'
 - ---- fields (total size 9 words):
 - private 'inheritanceApplied' 'Z' @12  true (0x01)
 - private 'inherited' 'Ljava/lang/String;' @16  null (0x00000000)
 - private 'configuration' 'Ljava/lang/Object;' @20  a 'org/codehaus/plexus/util/xml/Xpp3Dom'{0x0000000713aa6810} (0xe2754d02)
 - private 'locations' 'Ljava/util/Map;' @24  null (0x00000000)
 - private 'location' 'Lorg/apache/maven/model/InputLocation;' @28  null (0x00000000)
 - private 'inheritedLocation' 'Lorg/apache/maven/model/InputLocation;' @32  null (0x00000000)
 - private 'configurationLocation' 'Lorg/apache/maven/model/InputLocation;' @36  null (0x00000000)
 - private 'groupId' 'Ljava/lang/String;' @40  "com.diffplug.spotless"{0x0000000713659488} (0xe26cb291)
 - private 'artifactId' 'Ljava/lang/String;' @44  "spotless-maven-plugin"{0x0000000713659448} (0xe26cb289)
 - private 'version' 'Ljava/lang/String;' @48  "2.40.0"{0x000000071362d428} (0xe26c5a85)
 - private 'extensions' 'Ljava/lang/String;' @52  null (0x00000000)
 - private 'executions' 'Ljava/util/List;' @56  a 'java/util/ArrayList'{0x00000007136592f8} (0xe26cb25f)
 - private 'dependencies' 'Ljava/util/List;' @60  a 'java/util/ArrayList'{0x000000071362d2c8} (0xe26c5a59)
 - private 'goals' 'Ljava/lang/Object;' @64  null (0x00000000)
 - private 'executionMap' 'Ljava/util/Map;' @68  null (0x00000000)
stack at sp + 3 slots: 0x000000000000001c is an unknown value
stack at sp + 4 slots: 0x0000000000000001 is an unknown value
stack at sp + 5 slots: 0x0000000000000009 is an unknown value
stack at sp + 6 slots: 0x0000000000000001 is an unknown value
stack at sp + 7 slots: 0x0000000000000001 is an unknown value


---------------  P R O C E S S  ---------------

Threads class SMR info:
_java_thread_list=0x000072c998968680, length=13, elements={
0x000072c99801a1b0, 0x000072c99815d9c0, 0x000072c99815ef40, 0x000072c9981606e0,
0x000072c998161d30, 0x000072c9981632e0, 0x000072c998164e30, 0x000072c99816e4f0,
0x000072c9981a7600, 0x000072c9981aaa20, 0x000072c8f4305aa0, 0x000072c8f4234900,
0x000072c998966790
}

Java Threads: ( => current thread )
  0x000072c99801a1b0 JavaThread "main"                              [_thread_blocked, id=133729, stack(0x000072c99f300000,0x000072c99f400000) (1024K)]
  0x000072c99815d9c0 JavaThread "Reference Handler"          daemon [_thread_blocked, id=133737, stack(0x000072c99c1bb000,0x000072c99c2bb000) (1024K)]
  0x000072c99815ef40 JavaThread "Finalizer"                  daemon [_thread_blocked, id=133738, stack(0x000072c99c0bb000,0x000072c99c1bb000) (1024K)]
  0x000072c9981606e0 JavaThread "Signal Dispatcher"          daemon [_thread_blocked, id=133739, stack(0x000072c997f00000,0x000072c998000000) (1024K)]
  0x000072c998161d30 JavaThread "Service Thread"             daemon [_thread_blocked, id=133740, stack(0x000072c97c920000,0x000072c97ca20000) (1024K)]
  0x000072c9981632e0 JavaThread "Monitor Deflation Thread"   daemon [_thread_blocked, id=133741, stack(0x000072c97c820000,0x000072c97c920000) (1024K)]
  0x000072c998164e30 JavaThread "C2 CompilerThread0"         daemon [_thread_blocked, id=133742, stack(0x000072c97c720000,0x000072c97c820000) (1024K)]
  0x000072c99816e4f0 JavaThread "C1 CompilerThread0"         daemon [_thread_blocked, id=133743, stack(0x000072c97c620000,0x000072c97c720000) (1024K)]
  0x000072c9981a7600 JavaThread "Notification Thread"        daemon [_thread_blocked, id=133744, stack(0x000072c97c44f000,0x000072c97c54f000) (1024K)]
  0x000072c9981aaa20 JavaThread "Common-Cleaner"             daemon [_thread_blocked, id=133745, stack(0x000072c97c34f000,0x000072c97c44f000) (1024K)]
  0x000072c8f4305aa0 JavaThread "C2 CompilerThread1"         daemon [_thread_in_native, id=133748, stack(0x000072c97c24f000,0x000072c97c34f000) (1024K)]
  0x000072c8f4234900 JavaThread "C2 CompilerThread2"         daemon [_thread_blocked, id=133749, stack(0x000072c97c14f000,0x000072c97c24f000) (1024K)]
  0x000072c998966790 JavaThread "Thread-1"                   daemon [_thread_blocked, id=133755, stack(0x000072c96c9fd000,0x000072c96cafd000) (1024K)]
Total: 13

Other Threads:
  0x000072c998154a80 VMThread "VM Thread"                           [id=133736, stack(0x000072c99c2bc000,0x000072c99c3bc000) (1024K)]
  0x000072c9981428a0 WatcherThread "VM Periodic Task Thread"        [id=133735, stack(0x000072c99c3bd000,0x000072c99c4bd000) (1024K)]
  0x000072c998082660 WorkerThread "GC Thread#0"                     [id=133730, stack(0x000072c99d3a8000,0x000072c99d4a8000) (1024K)]
  0x000072c914008200 WorkerThread "GC Thread#1"                     [id=133750, stack(0x000072c97c04f000,0x000072c97c14f000) (1024K)]
  0x000072c914008cc0 WorkerThread "GC Thread#2"                     [id=133751, stack(0x000072c96d100000,0x000072c96d200000) (1024K)]
=>0x000072c9140097c0 WorkerThread "GC Thread#3"                     [id=133752, stack(0x000072c96cd00000,0x000072c96ce00000) (1024K)]
  0x000072c91400a2c0 WorkerThread "GC Thread#4"                     [id=133753, stack(0x000072c96cbff000,0x000072c96ccff000) (1024K)]
  0x000072c91400adc0 WorkerThread "GC Thread#5"                     [id=133754, stack(0x000072c96cafe000,0x000072c96cbfe000) (1024K)]
  0x000072c914014950 WorkerThread "GC Thread#6"                     [id=133756, stack(0x000072c96c8fd000,0x000072c96c9fd000) (1024K)]
  0x000072c914015110 WorkerThread "GC Thread#7"                     [id=133757, stack(0x000072c96c7fc000,0x000072c96c8fc000) (1024K)]
  0x000072c914015bd0 WorkerThread "GC Thread#8"                     [id=133758, stack(0x000072c96c6fb000,0x000072c96c7fb000) (1024K)]
  0x000072c9140166d0 WorkerThread "GC Thread#9"                     [id=133759, stack(0x000072c96c5fa000,0x000072c96c6fa000) (1024K)]
  0x000072c998093420 ConcurrentGCThread "G1 Main Marker"            [id=133731, stack(0x000072c99d2a7000,0x000072c99d3a7000) (1024K)]
  0x000072c9980943d0 WorkerThread "G1 Conc#0"                       [id=133732, stack(0x000072c99d1a6000,0x000072c99d2a6000) (1024K)]
  0x000072c998130080 ConcurrentGCThread "G1 Refine#0"               [id=133733, stack(0x000072c99c69b000,0x000072c99c79b000) (1024K)]
  0x000072c998131050 ConcurrentGCThread "G1 Service"                [id=133734, stack(0x000072c99c59a000,0x000072c99c69a000) (1024K)]
Total: 16

Threads with active compile tasks:
C2 CompilerThread0  1859 4220       4       java.lang.invoke.MethodType::makeImpl (109 bytes)
C2 CompilerThread1  1859 4106       4       java.lang.invoke.MethodType::methodType (69 bytes)
C2 CompilerThread2  1859 4242   !   4       jdk.internal.loader.BuiltinClassLoader::loadClassOrNull (143 bytes)
Total: 3

VM state: at safepoint (normal execution)

VM Mutex/Monitor currently owned by a thread:  ([mutex/lock_event])
[0x000072c9a0927eb8] Threads_lock - owner thread: 0x000072c998154a80
[0x000072c9a0927db8] Heap_lock - owner thread: 0x000072c99801a1b0

Heap address: 0x0000000708800000, size: 3960 MB, Compressed Oops mode: Zero based, Oop shift amount: 3

CDS archive(s) mapped at: [0x000072c91f000000-0x000072c91fc9c000-0x000072c91fc9c000), size 13221888, SharedBaseAddress: 0x000072c91f000000, ArchiveRelocationMode: 1.
Compressed class space mapped at: 0x000072c920000000-0x000072c960000000, reserved size: 1073741824
Narrow klass base: 0x000072c91f000000, Narrow klass shift: 0, Narrow klass range: 0x100000000

GC Precious Log:
 CardTable entry size: 512
 Card Set container configuration: InlinePtr #cards 4 size 8 Array Of Cards #cards 16 size 48 Howl #buckets 8 coarsen threshold 3686 Howl Bitmap #cards 512 size 80 coarsen threshold 460 Card regions per heap region 1 cards per card region 4096
 CPUs: 12 total, 12 available
 Memory: 15839M
 Large Page Support: Disabled
 NUMA Support: Disabled
 Compressed Oops: Enabled (Zero based)
 Heap Region Size: 2M
 Heap Min Capacity: 8M
 Heap Initial Capacity: 248M
 Heap Max Capacity: 3960M
 Pre-touch: Disabled
 Parallel Workers: 10
 Concurrent Workers: 3
 Concurrent Refinement Workers: 10
 Periodic GC: Disabled

Heap:
 garbage-first heap   total 256000K, used 62596K [0x0000000708800000, 0x0000000800000000)
  region size 2048K, 34 young (69632K), 7 survivors (14336K)
 Metaspace       used 21211K, committed 21504K, reserved 1114112K
  class space    used 2530K, committed 2688K, reserved 1048576K

Heap Regions: E=young(eden), S=young(survivor), O=old, HS=humongous(starts), HC=humongous(continues), CS=collection set, F=free, TAMS=top-at-mark-start, PB=parsable bottom
|   0|0x0000000708800000, 0x0000000708800000, 0x0000000708a00000|  0%| O|  |TAMS 0x0000000708800000| PB 0x0000000708800000| Untracked 
|   1|0x0000000708a00000, 0x0000000708a00000, 0x0000000708c00000|  0%| F|  |TAMS 0x0000000708a00000| PB 0x0000000708a00000| Untracked 
|   2|0x0000000708c00000, 0x0000000708c00000, 0x0000000708e00000|  0%| F|  |TAMS 0x0000000708c00000| PB 0x0000000708c00000| Untracked 
|   3|0x0000000708e00000, 0x0000000708e00000, 0x0000000709000000|  0%| F|  |TAMS 0x0000000708e00000| PB 0x0000000708e00000| Untracked 
|   4|0x0000000709000000, 0x0000000709000000, 0x0000000709200000|  0%| F|  |TAMS 0x0000000709000000| PB 0x0000000709000000| Untracked 
|   5|0x0000000709200000, 0x0000000709200000, 0x0000000709400000|  0%| F|  |TAMS 0x0000000709200000| PB 0x0000000709200000| Untracked 
|   6|0x0000000709400000, 0x0000000709400000, 0x0000000709600000|  0%| F|  |TAMS 0x0000000709400000| PB 0x0000000709400000| Untracked 
|   7|0x0000000709600000, 0x0000000709600000, 0x0000000709800000|  0%| F|  |TAMS 0x0000000709600000| PB 0x0000000709600000| Untracked 
|   8|0x0000000709800000, 0x0000000709800000, 0x0000000709a00000|  0%| F|  |TAMS 0x0000000709800000| PB 0x0000000709800000| Untracked 
|   9|0x0000000709a00000, 0x0000000709a00000, 0x0000000709c00000|  0%| F|  |TAMS 0x0000000709a00000| PB 0x0000000709a00000| Untracked 
|  10|0x0000000709c00000, 0x0000000709c00000, 0x0000000709e00000|  0%| F|  |TAMS 0x0000000709c00000| PB 0x0000000709c00000| Untracked 
|  11|0x0000000709e00000, 0x0000000709e00000, 0x000000070a000000|  0%| F|  |TAMS 0x0000000709e00000| PB 0x0000000709e00000| Untracked 
|  12|0x000000070a000000, 0x000000070a000000, 0x000000070a200000|  0%| F|  |TAMS 0x000000070a000000| PB 0x000000070a000000| Untracked 
|  13|0x000000070a200000, 0x000000070a200000, 0x000000070a400000|  0%| F|  |TAMS 0x000000070a200000| PB 0x000000070a200000| Untracked 
|  14|0x000000070a400000, 0x000000070a400000, 0x000000070a600000|  0%| F|  |TAMS 0x000000070a400000| PB 0x000000070a400000| Untracked 
|  15|0x000000070a600000, 0x000000070a600000, 0x000000070a800000|  0%| F|  |TAMS 0x000000070a600000| PB 0x000000070a600000| Untracked 
|  16|0x000000070a800000, 0x000000070a800000, 0x000000070aa00000|  0%| F|  |TAMS 0x000000070a800000| PB 0x000000070a800000| Untracked 
|  17|0x000000070aa00000, 0x000000070aa00000, 0x000000070ac00000|  0%| F|  |TAMS 0x000000070aa00000| PB 0x000000070aa00000| Untracked 
|  18|0x000000070ac00000, 0x000000070ac00000, 0x000000070ae00000|  0%| F|  |TAMS 0x000000070ac00000| PB 0x000000070ac00000| Untracked 
|  19|0x000000070ae00000, 0x000000070ae00000, 0x000000070b000000|  0%| F|  |TAMS 0x000000070ae00000| PB 0x000000070ae00000| Untracked 
|  20|0x000000070b000000, 0x000000070b000000, 0x000000070b200000|  0%| F|  |TAMS 0x000000070b000000| PB 0x000000070b000000| Untracked 
|  21|0x000000070b200000, 0x000000070b200000, 0x000000070b400000|  0%| F|  |TAMS 0x000000070b200000| PB 0x000000070b200000| Untracked 
|  22|0x000000070b400000, 0x000000070b400000, 0x000000070b600000|  0%| F|  |TAMS 0x000000070b400000| PB 0x000000070b400000| Untracked 
|  23|0x000000070b600000, 0x000000070b600000, 0x000000070b800000|  0%| F|  |TAMS 0x000000070b600000| PB 0x000000070b600000| Untracked 
|  24|0x000000070b800000, 0x000000070b800000, 0x000000070ba00000|  0%| F|  |TAMS 0x000000070b800000| PB 0x000000070b800000| Untracked 
|  25|0x000000070ba00000, 0x000000070ba00000, 0x000000070bc00000|  0%| F|  |TAMS 0x000000070ba00000| PB 0x000000070ba00000| Untracked 
|  26|0x000000070bc00000, 0x000000070bc00000, 0x000000070be00000|  0%| F|  |TAMS 0x000000070bc00000| PB 0x000000070bc00000| Untracked 
|  27|0x000000070be00000, 0x000000070be00000, 0x000000070c000000|  0%| F|  |TAMS 0x000000070be00000| PB 0x000000070be00000| Untracked 
|  28|0x000000070c000000, 0x000000070c000000, 0x000000070c200000|  0%| F|  |TAMS 0x000000070c000000| PB 0x000000070c000000| Untracked 
|  29|0x000000070c200000, 0x000000070c200000, 0x000000070c400000|  0%| F|  |TAMS 0x000000070c200000| PB 0x000000070c200000| Untracked 
|  30|0x000000070c400000, 0x000000070c400000, 0x000000070c600000|  0%| F|  |TAMS 0x000000070c400000| PB 0x000000070c400000| Untracked 
|  31|0x000000070c600000, 0x000000070c600000, 0x000000070c800000|  0%| F|  |TAMS 0x000000070c600000| PB 0x000000070c600000| Untracked 
|  32|0x000000070c800000, 0x000000070c800000, 0x000000070ca00000|  0%| F|  |TAMS 0x000000070c800000| PB 0x000000070c800000| Untracked 
|  33|0x000000070ca00000, 0x000000070ca00000, 0x000000070cc00000|  0%| F|  |TAMS 0x000000070ca00000| PB 0x000000070ca00000| Untracked 
|  34|0x000000070cc00000, 0x000000070cc00000, 0x000000070ce00000|  0%| F|  |TAMS 0x000000070cc00000| PB 0x000000070cc00000| Untracked 
|  35|0x000000070ce00000, 0x000000070ce00000, 0x000000070d000000|  0%| F|  |TAMS 0x000000070ce00000| PB 0x000000070ce00000| Untracked 
|  36|0x000000070d000000, 0x000000070d000000, 0x000000070d200000|  0%| F|  |TAMS 0x000000070d000000| PB 0x000000070d000000| Untracked 
|  37|0x000000070d200000, 0x000000070d200000, 0x000000070d400000|  0%| F|  |TAMS 0x000000070d200000| PB 0x000000070d200000| Untracked 
|  38|0x000000070d400000, 0x000000070d400000, 0x000000070d600000|  0%| F|  |TAMS 0x000000070d400000| PB 0x000000070d400000| Untracked 
|  39|0x000000070d600000, 0x000000070d600000, 0x000000070d800000|  0%| F|  |TAMS 0x000000070d600000| PB 0x000000070d600000| Untracked 
|  40|0x000000070d800000, 0x000000070d800000, 0x000000070da00000|  0%| F|  |TAMS 0x000000070d800000| PB 0x000000070d800000| Untracked 
|  41|0x000000070da00000, 0x000000070da00000, 0x000000070dc00000|  0%| F|  |TAMS 0x000000070da00000| PB 0x000000070da00000| Untracked 
|  42|0x000000070dc00000, 0x000000070dc00000, 0x000000070de00000|  0%| F|  |TAMS 0x000000070dc00000| PB 0x000000070dc00000| Untracked 
|  43|0x000000070de00000, 0x000000070de00000, 0x000000070e000000|  0%| F|  |TAMS 0x000000070de00000| PB 0x000000070de00000| Untracked 
|  44|0x000000070e000000, 0x000000070e000000, 0x000000070e200000|  0%| F|  |TAMS 0x000000070e000000| PB 0x000000070e000000| Untracked 
|  45|0x000000070e200000, 0x000000070e200000, 0x000000070e400000|  0%| F|  |TAMS 0x000000070e200000| PB 0x000000070e200000| Untracked 
|  46|0x000000070e400000, 0x000000070e400000, 0x000000070e600000|  0%| F|  |TAMS 0x000000070e400000| PB 0x000000070e400000| Untracked 
|  47|0x000000070e600000, 0x000000070e600000, 0x000000070e800000|  0%| F|  |TAMS 0x000000070e600000| PB 0x000000070e600000| Untracked 
|  48|0x000000070e800000, 0x000000070e800000, 0x000000070ea00000|  0%| F|  |TAMS 0x000000070e800000| PB 0x000000070e800000| Untracked 
|  49|0x000000070ea00000, 0x000000070ea00000, 0x000000070ec00000|  0%| F|  |TAMS 0x000000070ea00000| PB 0x000000070ea00000| Untracked 
|  50|0x000000070ec00000, 0x000000070ec00000, 0x000000070ee00000|  0%| F|  |TAMS 0x000000070ec00000| PB 0x000000070ec00000| Untracked 
|  51|0x000000070ee00000, 0x000000070ee00000, 0x000000070f000000|  0%| F|  |TAMS 0x000000070ee00000| PB 0x000000070ee00000| Untracked 
|  52|0x000000070f000000, 0x000000070f000000, 0x000000070f200000|  0%| F|  |TAMS 0x000000070f000000| PB 0x000000070f000000| Untracked 
|  53|0x000000070f200000, 0x000000070f200000, 0x000000070f400000|  0%| F|  |TAMS 0x000000070f200000| PB 0x000000070f200000| Untracked 
|  54|0x000000070f400000, 0x000000070f400000, 0x000000070f600000|  0%| F|  |TAMS 0x000000070f400000| PB 0x000000070f400000| Untracked 
|  55|0x000000070f600000, 0x000000070f600000, 0x000000070f800000|  0%| F|  |TAMS 0x000000070f600000| PB 0x000000070f600000| Untracked 
|  56|0x000000070f800000, 0x000000070f800000, 0x000000070fa00000|  0%| F|  |TAMS 0x000000070f800000| PB 0x000000070f800000| Untracked 
|  57|0x000000070fa00000, 0x000000070fa00000, 0x000000070fc00000|  0%| F|  |TAMS 0x000000070fa00000| PB 0x000000070fa00000| Untracked 
|  58|0x000000070fc00000, 0x000000070fc00000, 0x000000070fe00000|  0%| F|  |TAMS 0x000000070fc00000| PB 0x000000070fc00000| Untracked 
|  59|0x000000070fe00000, 0x000000070fe00000, 0x0000000710000000|  0%| F|  |TAMS 0x000000070fe00000| PB 0x000000070fe00000| Untracked 
|  60|0x0000000710000000, 0x0000000710000000, 0x0000000710200000|  0%| F|  |TAMS 0x0000000710000000| PB 0x0000000710000000| Untracked 
|  61|0x0000000710200000, 0x0000000710200000, 0x0000000710400000|  0%| F|  |TAMS 0x0000000710200000| PB 0x0000000710200000| Untracked 
|  62|0x0000000710400000, 0x0000000710400000, 0x0000000710600000|  0%| F|  |TAMS 0x0000000710400000| PB 0x0000000710400000| Untracked 
|  63|0x0000000710600000, 0x0000000710600000, 0x0000000710800000|  0%| F|  |TAMS 0x0000000710600000| PB 0x0000000710600000| Untracked 
|  64|0x0000000710800000, 0x0000000710800000, 0x0000000710a00000|  0%| F|  |TAMS 0x0000000710800000| PB 0x0000000710800000| Untracked 
|  65|0x0000000710a00000, 0x0000000710a00000, 0x0000000710c00000|  0%| F|  |TAMS 0x0000000710a00000| PB 0x0000000710a00000| Untracked 
|  66|0x0000000710c00000, 0x0000000710c00000, 0x0000000710e00000|  0%| F|  |TAMS 0x0000000710c00000| PB 0x0000000710c00000| Untracked 
|  67|0x0000000710e00000, 0x0000000710e00000, 0x0000000711000000|  0%| F|  |TAMS 0x0000000710e00000| PB 0x0000000710e00000| Untracked 
|  68|0x0000000711000000, 0x0000000711000000, 0x0000000711200000|  0%| F|  |TAMS 0x0000000711000000| PB 0x0000000711000000| Untracked 
|  69|0x0000000711200000, 0x0000000711200000, 0x0000000711400000|  0%| F|  |TAMS 0x0000000711200000| PB 0x0000000711200000| Untracked 
|  70|0x0000000711400000, 0x0000000711400000, 0x0000000711600000|  0%| F|  |TAMS 0x0000000711400000| PB 0x0000000711400000| Untracked 
|  71|0x0000000711600000, 0x0000000711600000, 0x0000000711800000|  0%| F|  |TAMS 0x0000000711600000| PB 0x0000000711600000| Untracked 
|  72|0x0000000711800000, 0x0000000711800000, 0x0000000711a00000|  0%| F|  |TAMS 0x0000000711800000| PB 0x0000000711800000| Untracked 
|  73|0x0000000711a00000, 0x0000000711a00000, 0x0000000711c00000|  0%| F|  |TAMS 0x0000000711a00000| PB 0x0000000711a00000| Untracked 
|  74|0x0000000711c00000, 0x0000000711c00000, 0x0000000711e00000|  0%| F|  |TAMS 0x0000000711c00000| PB 0x0000000711c00000| Untracked 
|  75|0x0000000711e00000, 0x0000000711e00000, 0x0000000712000000|  0%| F|  |TAMS 0x0000000711e00000| PB 0x0000000711e00000| Untracked 
|  76|0x0000000712000000, 0x0000000712000000, 0x0000000712200000|  0%| F|  |TAMS 0x0000000712000000| PB 0x0000000712000000| Untracked 
|  77|0x0000000712200000, 0x0000000712200000, 0x0000000712400000|  0%| F|  |TAMS 0x0000000712200000| PB 0x0000000712200000| Untracked 
|  78|0x0000000712400000, 0x0000000712400000, 0x0000000712600000|  0%| F|  |TAMS 0x0000000712400000| PB 0x0000000712400000| Untracked 
|  79|0x0000000712600000, 0x0000000712600000, 0x0000000712800000|  0%| F|  |TAMS 0x0000000712600000| PB 0x0000000712600000| Untracked 
|  80|0x0000000712800000, 0x0000000712800000, 0x0000000712a00000|  0%| F|  |TAMS 0x0000000712800000| PB 0x0000000712800000| Untracked 
|  81|0x0000000712a00000, 0x0000000712a00000, 0x0000000712c00000|  0%| F|  |TAMS 0x0000000712a00000| PB 0x0000000712a00000| Untracked 
|  82|0x0000000712c00000, 0x0000000712c00000, 0x0000000712e00000|  0%| F|  |TAMS 0x0000000712c00000| PB 0x0000000712c00000| Untracked 
|  83|0x0000000712e00000, 0x0000000712e00000, 0x0000000713000000|  0%| F|  |TAMS 0x0000000712e00000| PB 0x0000000712e00000| Untracked 
|  84|0x0000000713000000, 0x0000000713000000, 0x0000000713200000|  0%| F|  |TAMS 0x0000000713000000| PB 0x0000000713000000| Untracked 
|  85|0x0000000713200000, 0x0000000713200000, 0x0000000713400000|  0%| F|  |TAMS 0x0000000713200000| PB 0x0000000713200000| Untracked 
|  86|0x0000000713400000, 0x0000000713507e80, 0x0000000713600000| 51%| S|  |TAMS 0x0000000713400000| PB 0x0000000713400000| Complete 
|  87|0x0000000713600000, 0x0000000713800000, 0x0000000713800000|100%| S|  |TAMS 0x0000000713600000| PB 0x0000000713600000| Complete 
|  88|0x0000000713800000, 0x0000000713a00000, 0x0000000713a00000|100%| S|  |TAMS 0x0000000713800000| PB 0x0000000713800000| Complete 
|  89|0x0000000713a00000, 0x0000000713c00000, 0x0000000713c00000|100%| S|  |TAMS 0x0000000713a00000| PB 0x0000000713a00000| Complete 
|  90|0x0000000713c00000, 0x0000000713e00000, 0x0000000713e00000|100%| S|  |TAMS 0x0000000713c00000| PB 0x0000000713c00000| Complete 
|  91|0x0000000713e00000, 0x0000000713f1eba0, 0x0000000714000000| 56%| E|CS|TAMS 0x0000000713e00000| PB 0x0000000713e00000| Complete 
|  92|0x0000000714000000, 0x0000000714200000, 0x0000000714200000|100%| E|CS|TAMS 0x0000000714000000| PB 0x0000000714000000| Complete 
|  93|0x0000000714200000, 0x0000000714400000, 0x0000000714400000|100%| E|CS|TAMS 0x0000000714200000| PB 0x0000000714200000| Complete 
|  94|0x0000000714400000, 0x0000000714600000, 0x0000000714600000|100%| E|CS|TAMS 0x0000000714400000| PB 0x0000000714400000| Complete 
|  95|0x0000000714600000, 0x0000000714800000, 0x0000000714800000|100%| S|  |TAMS 0x0000000714600000| PB 0x0000000714600000| Complete 
|  96|0x0000000714800000, 0x0000000714a00000, 0x0000000714a00000|100%| S|  |TAMS 0x0000000714800000| PB 0x0000000714800000| Complete 
|  97|0x0000000714a00000, 0x0000000714af6070, 0x0000000714c00000| 48%| E|CS|TAMS 0x0000000714a00000| PB 0x0000000714a00000| Complete 
|  98|0x0000000714c00000, 0x0000000714e00000, 0x0000000714e00000|100%| E|CS|TAMS 0x0000000714c00000| PB 0x0000000714c00000| Complete 
|  99|0x0000000714e00000, 0x0000000715000000, 0x0000000715000000|100%| E|CS|TAMS 0x0000000714e00000| PB 0x0000000714e00000| Complete 
| 100|0x0000000715000000, 0x0000000715200000, 0x0000000715200000|100%| E|CS|TAMS 0x0000000715000000| PB 0x0000000715000000| Complete 
| 101|0x0000000715200000, 0x0000000715400000, 0x0000000715400000|100%| E|CS|TAMS 0x0000000715200000| PB 0x0000000715200000| Complete 
| 102|0x0000000715400000, 0x0000000715600000, 0x0000000715600000|100%| E|CS|TAMS 0x0000000715400000| PB 0x0000000715400000| Complete 
| 103|0x0000000715600000, 0x0000000715800000, 0x0000000715800000|100%| E|CS|TAMS 0x0000000715600000| PB 0x0000000715600000| Complete 
| 104|0x0000000715800000, 0x0000000715a00000, 0x0000000715a00000|100%| E|CS|TAMS 0x0000000715800000| PB 0x0000000715800000| Complete 
| 105|0x0000000715a00000, 0x0000000715c00000, 0x0000000715c00000|100%| E|CS|TAMS 0x0000000715a00000| PB 0x0000000715a00000| Complete 
| 106|0x0000000715c00000, 0x0000000715e00000, 0x0000000715e00000|100%| E|CS|TAMS 0x0000000715c00000| PB 0x0000000715c00000| Complete 
| 107|0x0000000715e00000, 0x0000000716000000, 0x0000000716000000|100%| E|CS|TAMS 0x0000000715e00000| PB 0x0000000715e00000| Complete 
| 108|0x0000000716000000, 0x0000000716200000, 0x0000000716200000|100%| E|CS|TAMS 0x0000000716000000| PB 0x0000000716000000| Complete 
| 109|0x0000000716200000, 0x0000000716400000, 0x0000000716400000|100%| E|CS|TAMS 0x0000000716200000| PB 0x0000000716200000| Complete 
| 110|0x0000000716400000, 0x0000000716600000, 0x0000000716600000|100%| E|CS|TAMS 0x0000000716400000| PB 0x0000000716400000| Complete 
| 111|0x0000000716600000, 0x0000000716800000, 0x0000000716800000|100%| E|CS|TAMS 0x0000000716600000| PB 0x0000000716600000| Complete 
| 112|0x0000000716800000, 0x0000000716a00000, 0x0000000716a00000|100%| E|CS|TAMS 0x0000000716800000| PB 0x0000000716800000| Complete 
| 113|0x0000000716a00000, 0x0000000716c00000, 0x0000000716c00000|100%| E|CS|TAMS 0x0000000716a00000| PB 0x0000000716a00000| Complete 
| 114|0x0000000716c00000, 0x0000000716e00000, 0x0000000716e00000|100%| E|CS|TAMS 0x0000000716c00000| PB 0x0000000716c00000| Complete 
| 115|0x0000000716e00000, 0x0000000717000000, 0x0000000717000000|100%| E|CS|TAMS 0x0000000716e00000| PB 0x0000000716e00000| Complete 
| 116|0x0000000717000000, 0x0000000717200000, 0x0000000717200000|100%| E|CS|TAMS 0x0000000717000000| PB 0x0000000717000000| Complete 
| 117|0x0000000717200000, 0x0000000717400000, 0x0000000717400000|100%| E|CS|TAMS 0x0000000717200000| PB 0x0000000717200000| Complete 
| 118|0x0000000717400000, 0x0000000717600000, 0x0000000717600000|100%| E|CS|TAMS 0x0000000717400000| PB 0x0000000717400000| Complete 
| 119|0x0000000717600000, 0x0000000717800000, 0x0000000717800000|100%| E|CS|TAMS 0x0000000717600000| PB 0x0000000717600000| Complete 
| 120|0x0000000717800000, 0x0000000717a00000, 0x0000000717a00000|100%| E|CS|TAMS 0x0000000717a00000| PB 0x0000000717800000| Complete 
| 121|0x0000000717a00000, 0x0000000717c00000, 0x0000000717c00000|100%| E|CS|TAMS 0x0000000717a00000| PB 0x0000000717a00000| Complete 
| 122|0x0000000717c00000, 0x0000000717e00000, 0x0000000717e00000|100%| E|CS|TAMS 0x0000000717c00000| PB 0x0000000717c00000| Complete 
| 123|0x0000000717e00000, 0x0000000718000000, 0x0000000718000000|100%| E|CS|TAMS 0x0000000717e00000| PB 0x0000000717e00000| Complete 
|1979|0x00000007ffe00000, 0x00000007fff0c6d0, 0x0000000800000000| 52%| O|  |TAMS 0x00000007fff0c6d0| PB 0x00000007ffe00000| Untracked 

Card table byte_map: [0x000072c99d4a8000,0x000072c99dc64000] _byte_map_base: 0x000072c999c64000

Marking Bits: (CMBitMap*) 0x000072c9980831a0
 Bits: [0x000072c97ca20000, 0x000072c980800000)

Polling page: 0x000072c9a0d86000

Metaspace:

Usage:
  Non-class:     18.24 MB used.
      Class:      2.47 MB used.
       Both:     20.71 MB used.

Virtual space:
  Non-class space:       64.00 MB reserved,      18.38 MB ( 29%) committed,  1 nodes.
      Class space:        1.00 GB reserved,       2.62 MB ( <1%) committed,  1 nodes.
             Both:        1.06 GB reserved,      21.00 MB (  2%) committed. 

Chunk freelists:
   Non-Class:  13.12 MB
       Class:  13.33 MB
        Both:  26.45 MB

MaxMetaspaceSize: unlimited
CompressedClassSpaceSize: 1.00 GB
Initial GC threshold: 21.00 MB
Current GC threshold: 21.00 MB
CDS: on
 - commit_granule_bytes: 65536.
 - commit_granule_words: 8192.
 - virtual_space_node_default_size: 8388608.
 - enlarge_chunks_in_place: 1.
 - use_allocation_guard: 0.


Internal statistics:

num_allocs_failed_limit: 3.
num_arena_births: 208.
num_arena_deaths: 0.
num_vsnodes_births: 2.
num_vsnodes_deaths: 0.
num_space_committed: 336.
num_space_uncommitted: 0.
num_chunks_returned_to_freelist: 3.
num_chunks_taken_from_freelist: 960.
num_chunk_merges: 3.
num_chunk_splits: 664.
num_chunks_enlarged: 526.
num_inconsistent_stats: 0.

CodeHeap 'non-profiled nmethods': size=120028Kb used=2003Kb max_used=2003Kb free=118024Kb
 bounds [0x000072c9882c9000, 0x000072c988539000, 0x000072c98f800000]
CodeHeap 'profiled nmethods': size=120028Kb used=8374Kb max_used=8374Kb free=111653Kb
 bounds [0x000072c980800000, 0x000072c981030000, 0x000072c987d37000]
CodeHeap 'non-nmethods': size=5704Kb used=1404Kb max_used=1451Kb free=4299Kb
 bounds [0x000072c987d37000, 0x000072c987fa7000, 0x000072c9882c9000]
CodeCache: size=245760Kb, used=11781Kb, max_used=11828Kb, free=233976Kb
 total_blobs=4760, nmethods=4248, adapters=417, full_count=0
Compilation: enabled, stopped_count=0, restarted_count=0

Compilation events (20 events):
Event: 1.813 Thread 0x000072c8f4234900 nmethod 4228 0x000072c9884bcf90 code [0x000072c9884bd160, 0x000072c9884bdb08]
Event: 1.813 Thread 0x000072c8f4234900 4242   !   4       jdk.internal.loader.BuiltinClassLoader::loadClassOrNull (143 bytes)
Event: 1.817 Thread 0x000072c99816e4f0 4243       3       java.nio.MappedByteBuffer::position (6 bytes)
Event: 1.817 Thread 0x000072c99816e4f0 nmethod 4243 0x000072c981027510 code [0x000072c9810276c0, 0x000072c9810278c8]
Event: 1.817 Thread 0x000072c99816e4f0 4244       3       jdk.internal.jimage.ImageLocation::decompress (116 bytes)
Event: 1.817 Thread 0x000072c99816e4f0 nmethod 4244 0x000072c981027a10 code [0x000072c981027c80, 0x000072c9810286e8]
Event: 1.817 Thread 0x000072c99816e4f0 4245       3       jdk.internal.jimage.ImageLocation::verify (38 bytes)
Event: 1.818 Thread 0x000072c99816e4f0 nmethod 4245 0x000072c981028b10 code [0x000072c981028d20, 0x000072c9810292b8]
Event: 1.818 Thread 0x000072c99816e4f0 4246       3       java.nio.ByteBuffer::order (48 bytes)
Event: 1.818 Thread 0x000072c99816e4f0 nmethod 4246 0x000072c981029590 code [0x000072c981029740, 0x000072c981029968]
Event: 1.818 Thread 0x000072c99816e4f0 4247       3       jdk.internal.module.SystemModuleFinders$SystemModuleReader::findImageLocation (42 bytes)
Event: 1.818 Thread 0x000072c99816e4f0 nmethod 4247 0x000072c981029a10 code [0x000072c981029c40, 0x000072c98102a2e0]
Event: 1.818 Thread 0x000072c99816e4f0 4249   !   3       jdk.internal.jimage.BasicImageReader::slice (32 bytes)
Event: 1.818 Thread 0x000072c99816e4f0 nmethod 4249 0x000072c98102a590 code [0x000072c98102a760, 0x000072c98102ab98]
Event: 1.818 Thread 0x000072c99816e4f0 4248   !   3       jdk.internal.jimage.BasicImageReader::getResourceBuffer (203 bytes)
Event: 1.821 Thread 0x000072c99816e4f0 nmethod 4248 0x000072c98102ad10 code [0x000072c98102b120, 0x000072c98102c870]
Event: 1.821 Thread 0x000072c99816e4f0 4250       3       jdk.internal.jimage.ImageLocation::getContentOffset (6 bytes)
Event: 1.821 Thread 0x000072c99816e4f0 nmethod 4250 0x000072c98102d310 code [0x000072c98102d4c0, 0x000072c98102d600]
Event: 1.829 Thread 0x000072c99816e4f0 4251       3       java.lang.invoke.MethodHandles$Lookup::hasFullPrivilegeAccess (18 bytes)
Event: 1.829 Thread 0x000072c99816e4f0 nmethod 4251 0x000072c98102d690 code [0x000072c98102d820, 0x000072c98102d980]

GC Heap History (5 events):
Event: 0.444 GC heap before
{Heap before GC invocations=0 (full 0):
 garbage-first heap   total 256000K, used 23601K [0x0000000708800000, 0x0000000800000000)
  region size 2048K, 11 young (22528K), 0 survivors (0K)
 Metaspace       used 5752K, committed 5952K, reserved 1114112K
  class space    used 680K, committed 768K, reserved 1048576K
}
Event: 0.446 GC heap after
{Heap after GC invocations=1 (full 0):
 garbage-first heap   total 256000K, used 4311K [0x0000000708800000, 0x0000000800000000)
  region size 2048K, 2 young (4096K), 2 survivors (4096K)
 Metaspace       used 5752K, committed 5952K, reserved 1114112K
  class space    used 680K, committed 768K, reserved 1048576K
}
Event: 1.102 GC heap before
{Heap before GC invocations=1 (full 0):
 garbage-first heap   total 256000K, used 59607K [0x0000000708800000, 0x0000000800000000)
  region size 2048K, 29 young (59392K), 2 survivors (4096K)
 Metaspace       used 14813K, committed 15040K, reserved 1114112K
  class space    used 1799K, committed 1920K, reserved 1048576K
}
Event: 1.108 GC heap after
{Heap after GC invocations=2 (full 0):
 garbage-first heap   total 256000K, used 8364K [0x0000000708800000, 0x0000000800000000)
  region size 2048K, 4 young (8192K), 4 survivors (8192K)
 Metaspace       used 14813K, committed 15040K, reserved 1114112K
  class space    used 1799K, committed 1920K, reserved 1048576K
}
Event: 1.842 GC heap before
{Heap before GC invocations=2 (full 0):
 garbage-first heap   total 256000K, used 61612K [0x0000000708800000, 0x0000000800000000)
  region size 2048K, 31 young (63488K), 4 survivors (8192K)
 Metaspace       used 21211K, committed 21504K, reserved 1114112K
  class space    used 2530K, committed 2688K, reserved 1048576K
}

Dll operation events (8 events):
Event: 0.005 Loaded shared library /usr/lib/jvm/java-21-openjdk-amd64/lib/libjava.so
Event: 0.039 Loaded shared library /usr/lib/jvm/java-21-openjdk-amd64/lib/libjsvml.so
Event: 0.050 Loaded shared library /usr/lib/jvm/java-21-openjdk-amd64/lib/libnio.so
Event: 0.052 Loaded shared library /usr/lib/jvm/java-21-openjdk-amd64/lib/libzip.so
Event: 0.059 Loaded shared library /usr/lib/jvm/java-21-openjdk-amd64/lib/libnet.so
Event: 0.126 Loaded shared library /usr/lib/jvm/java-21-openjdk-amd64/lib/libjimage.so
Event: 0.131 Loaded shared library /tmp/jansi-2.4.2-5ed558d87e9c0981-libjansi.so
Event: 0.139 Loaded shared library /usr/lib/jvm/java-21-openjdk-amd64/lib/libverify.so

Deoptimization events (20 events):
Event: 1.712 Thread 0x000072c99801a1b0 Uncommon trap: trap_request=0xffffffbe fr.pc=0x000072c9884a80b0 relative=0x00000000000013d0
Event: 1.712 Thread 0x000072c99801a1b0 Uncommon trap: reason=profile_predicate action=maybe_recompile pc=0x000072c9884a80b0 method=java.util.concurrent.ConcurrentHashMap.putAll(Ljava/util/Map;)V @ 28 c2
Event: 1.712 Thread 0x000072c99801a1b0 DEOPT PACKING pc=0x000072c9884a80b0 sp=0x000072c99f3fd730
Event: 1.712 Thread 0x000072c99801a1b0 DEOPT UNPACKING pc=0x000072c987d8af99 sp=0x000072c99f3fd710 mode 2
Event: 1.712 Thread 0x000072c99801a1b0 Uncommon trap: trap_request=0xffffffbe fr.pc=0x000072c9884a80b0 relative=0x00000000000013d0
Event: 1.712 Thread 0x000072c99801a1b0 Uncommon trap: reason=profile_predicate action=maybe_recompile pc=0x000072c9884a80b0 method=java.util.concurrent.ConcurrentHashMap.putAll(Ljava/util/Map;)V @ 28 c2
Event: 1.712 Thread 0x000072c99801a1b0 DEOPT PACKING pc=0x000072c9884a80b0 sp=0x000072c99f3fd730
Event: 1.712 Thread 0x000072c99801a1b0 DEOPT UNPACKING pc=0x000072c987d8af99 sp=0x000072c99f3fd710 mode 2
Event: 1.734 Thread 0x000072c99801a1b0 Uncommon trap: trap_request=0xffffff76 fr.pc=0x000072c98841b670 relative=0x00000000000014b0
Event: 1.734 Thread 0x000072c99801a1b0 Uncommon trap: reason=predicate action=maybe_recompile pc=0x000072c98841b670 method=java.util.TimSort.binarySort([Ljava/lang/Object;IIILjava/util/Comparator;)V @ 73 c2
Event: 1.734 Thread 0x000072c99801a1b0 DEOPT PACKING pc=0x000072c98841b670 sp=0x000072c99f3fd2c0
Event: 1.734 Thread 0x000072c99801a1b0 DEOPT UNPACKING pc=0x000072c987d8af99 sp=0x000072c99f3fd290 mode 2
Event: 1.741 Thread 0x000072c99801a1b0 Uncommon trap: trap_request=0xffffff45 fr.pc=0x000072c9884af138 relative=0x0000000000000098
Event: 1.741 Thread 0x000072c99801a1b0 Uncommon trap: reason=unstable_if action=reinterpret pc=0x000072c9884af138 method=java.util.Spliterator.getExactSizeIfKnown()J @ 9 c2
Event: 1.741 Thread 0x000072c99801a1b0 DEOPT PACKING pc=0x000072c9884af138 sp=0x000072c99f3fd4d0
Event: 1.741 Thread 0x000072c99801a1b0 DEOPT UNPACKING pc=0x000072c987d8af99 sp=0x000072c99f3fd478 mode 2
Event: 1.792 Thread 0x000072c99801a1b0 Uncommon trap: trap_request=0xffffff45 fr.pc=0x000072c988373ec0 relative=0x0000000000000e00
Event: 1.792 Thread 0x000072c99801a1b0 Uncommon trap: reason=unstable_if action=reinterpret pc=0x000072c988373ec0 method=jdk.internal.jimage.ImageLocation.verifyName(Ljava/lang/String;Ljava/lang/String;IIIIIILjdk/internal/jimage/ImageStrings;)Z @ 45 c2
Event: 1.792 Thread 0x000072c99801a1b0 DEOPT PACKING pc=0x000072c988373ec0 sp=0x000072c99f3fc2e0
Event: 1.792 Thread 0x000072c99801a1b0 DEOPT UNPACKING pc=0x000072c987d8af99 sp=0x000072c99f3fc018 mode 2

Classes loaded (20 events):
Event: 1.792 Loading class java/nio/channels/AsynchronousChannel done
Event: 1.792 Loading class java/nio/channels/AsynchronousFileChannel done
Event: 1.792 Loading class jdk/internal/jrtfs/JrtFileSystemProvider
Event: 1.792 Loading class jdk/internal/jrtfs/JrtFileSystemProvider done
Event: 1.792 Loading class sun/net/www/protocol/jrt/JavaRuntimeURLConnection
Event: 1.792 Loading class sun/net/www/protocol/jrt/JavaRuntimeURLConnection done
Event: 1.793 Loading class sun/net/www/protocol/jrt/JavaRuntimeURLConnection$1
Event: 1.793 Loading class sun/net/www/protocol/jrt/JavaRuntimeURLConnection$1 done
Event: 1.793 Loading class jdk/internal/jimage/ImageBufferCache
Event: 1.793 Loading class jdk/internal/jimage/ImageBufferCache done
Event: 1.793 Loading class jdk/internal/jimage/ImageBufferCache$1
Event: 1.793 Loading class jdk/internal/jimage/ImageBufferCache$1 done
Event: 1.793 Loading class jdk/internal/jimage/ImageBufferCache$2
Event: 1.793 Loading class jdk/internal/jimage/ImageBufferCache$2 done
Event: 1.793 Loading class java/util/AbstractMap$SimpleEntry
Event: 1.793 Loading class java/util/AbstractMap$SimpleEntry done
Event: 1.827 Loading class java/nio/file/ReadOnlyFileSystemException
Event: 1.828 Loading class java/nio/file/ReadOnlyFileSystemException done
Event: 1.834 Loading class java/nio/file/ClosedFileSystemException
Event: 1.834 Loading class java/nio/file/ClosedFileSystemException done

Classes unloaded (0 events):
No events

Classes redefined (0 events):
No events

Internal exceptions (20 events):
Event: 1.069 Thread 0x000072c99801a1b0 Exception <a 'java/lang/NoSuchMethodError'{0x000000071498f488}: 'java.lang.Object java.lang.invoke.DirectMethodHandle$Holder.invokeVirtual(java.lang.Object, java.lang.Object, java.lang.Object)'> (0x000000071498f488) 
thrown [./src/hotspot/share/interpreter/linkResolver.cpp, line 772]
Event: 1.070 Thread 0x000072c99801a1b0 Exception <a 'java/lang/NoSuchMethodError'{0x000000071499c728}: 'void java.lang.invoke.DirectMethodHandle$Holder.invokeSpecial(java.lang.Object, java.lang.Object, java.lang.Object, java.lang.Object, java.lang.Object, java.lang.Object)'> (0x000000071499c728) 
thrown [./src/hotspot/share/interpreter/linkResolver.cpp, line 772]
Event: 1.087 Thread 0x000072c99801a1b0 Implicit null exception at 0x000072c9882f49a0 to 0x000072c9882f50c8
Event: 1.087 Thread 0x000072c99801a1b0 Implicit null exception at 0x000072c9882f2fa0 to 0x000072c9882f36d0
Event: 1.091 Thread 0x000072c99801a1b0 Exception <a 'java/lang/NoSuchMethodError'{0x000000071471c430}: 'void java.lang.invoke.DirectMethodHandle$Holder.invokeVirtual(java.lang.Object, java.lang.Object, int)'> (0x000000071471c430) 
thrown [./src/hotspot/share/interpreter/linkResolver.cpp, line 772]
Event: 1.091 Thread 0x000072c99801a1b0 Exception <a 'java/lang/NoSuchMethodError'{0x0000000714720240}: 'void java.lang.invoke.DirectMethodHandle$Holder.invokeSpecial(java.lang.Object, java.lang.Object, java.lang.Object, int)'> (0x0000000714720240) 
thrown [./src/hotspot/share/interpreter/linkResolver.cpp, line 772]
Event: 1.091 Thread 0x000072c99801a1b0 Exception <a 'java/lang/NoSuchMethodError'{0x0000000714723920}: 'void java.lang.invoke.DelegatingMethodHandle$Holder.reinvoke_L(java.lang.Object, java.lang.Object, int)'> (0x0000000714723920) 
thrown [./src/hotspot/share/interpreter/linkResolver.cpp, line 772]
Event: 1.188 Thread 0x000072c99801a1b0 Exception <a 'java/lang/NoSuchMethodError'{0x0000000717b23dc0}: 'java.lang.Object java.lang.invoke.DirectMethodHandle$Holder.newInvokeSpecial(java.lang.Object, java.lang.Object, java.lang.Object, java.lang.Object, java.lang.Object, java.lang.Object, java.lang.Object)'> (0x0000000717b23dc0) 
thrown [./src/hotspot/share/interpreter/linkResolver.cpp, line 772]
Event: 1.284 Thread 0x000072c99801a1b0 Exception <a 'java/lang/NoSuchMethodError'{0x000000071759a140}: 'int java.lang.invoke.DirectMethodHandle$Holder.invokeVirtual(java.lang.Object, java.lang.Object)'> (0x000000071759a140) 
thrown [./src/hotspot/share/interpreter/linkResolver.cpp, line 772]
Event: 1.296 Thread 0x000072c99801a1b0 Implicit null exception at 0x000072c9883891e6 to 0x000072c988389292
Event: 1.303 Thread 0x000072c99801a1b0 Exception <a 'java/lang/NoSuchMethodError'{0x00000007172b77c0}: 'void java.lang.invoke.Invokers$Holder.invokeExact_MT(java.lang.Object, java.lang.Object, int, java.lang.Object)'> (0x00000007172b77c0) 
thrown [./src/hotspot/share/interpreter/linkResolver.cpp, line 772]
Event: 1.314 Thread 0x000072c99801a1b0 Exception <a 'sun/nio/fs/UnixException'{0x000000071730e2e8}> (0x000000071730e2e8) 
thrown [./src/hotspot/share/prims/jni.cpp, line 520]
Event: 1.315 Thread 0x000072c99801a1b0 Exception <a 'sun/nio/fs/UnixException'{0x000000071731c360}> (0x000000071731c360) 
thrown [./src/hotspot/share/prims/jni.cpp, line 520]
Event: 1.315 Thread 0x000072c99801a1b0 Exception <a 'sun/nio/fs/UnixException'{0x0000000717320390}> (0x0000000717320390) 
thrown [./src/hotspot/share/prims/jni.cpp, line 520]
Event: 1.463 Thread 0x000072c99801a1b0 Implicit null exception at 0x000072c98838aaa0 to 0x000072c98838acb0
Event: 1.463 Thread 0x000072c99801a1b0 Implicit null exception at 0x000072c98838a020 to 0x000072c98838a280
Event: 1.740 Thread 0x000072c99801a1b0 Exception <a 'java/lang/IncompatibleClassChangeError'{0x0000000714fc4a40}: Found class java.lang.Object, but interface was expected> (0x0000000714fc4a40) 
thrown [./src/hotspot/share/interpreter/linkResolver.cpp, line 840]
Event: 1.741 Thread 0x000072c99801a1b0 Exception <a 'java/lang/NoSuchMethodError'{0x0000000714fccd10}: 'void java.lang.invoke.DirectMethodHandle$Holder.invokeInterface(java.lang.Object, java.lang.Object, java.lang.Object)'> (0x0000000714fccd10) 
thrown [./src/hotspot/share/interpreter/linkResolver.cpp, line 772]
Event: 1.788 Thread 0x000072c99801a1b0 Exception <a 'java/lang/NoSuchMethodError'{0x0000000714ce48e0}: 'int java.lang.invoke.DirectMethodHandle$Holder.invokeInterface(java.lang.Object, java.lang.Object)'> (0x0000000714ce48e0) 
thrown [./src/hotspot/share/interpreter/linkResolver.cpp, line 772]
Event: 1.801 Thread 0x000072c99801a1b0 Exception <a 'java/lang/NoSuchMethodError'{0x0000000714da54e8}: 'int java.lang.invoke.DirectMethodHandle$Holder.invokeVirtual(java.lang.Object, java.lang.Object, java.lang.Object)'> (0x0000000714da54e8) 
thrown [./src/hotspot/share/interpreter/linkResolver.cpp, line 772]

ZGC Phase Switch (0 events):
No events

VM Operations (20 events):
Event: 1.051 Executing non-safepoint VM operation: HandshakeAllThreads (Deoptimize) done
Event: 1.052 Executing non-safepoint VM operation: HandshakeAllThreads (Deoptimize)
Event: 1.052 Executing non-safepoint VM operation: HandshakeAllThreads (Deoptimize) done
Event: 1.102 Executing safepoint VM operation: G1CollectForAllocation (G1 Evacuation Pause)
Event: 1.108 Executing safepoint VM operation: G1CollectForAllocation (G1 Evacuation Pause) done
Event: 1.127 Executing non-safepoint VM operation: HandshakeAllThreads (Deoptimize)
Event: 1.127 Executing non-safepoint VM operation: HandshakeAllThreads (Deoptimize) done
Event: 1.317 Executing safepoint VM operation: ICBufferFull
Event: 1.317 Executing safepoint VM operation: ICBufferFull done
Event: 1.512 Executing non-safepoint VM operation: HandshakeAllThreads (Deoptimize)
Event: 1.512 Executing non-safepoint VM operation: HandshakeAllThreads (Deoptimize) done
Event: 1.512 Executing non-safepoint VM operation: HandshakeAllThreads (Deoptimize)
Event: 1.512 Executing non-safepoint VM operation: HandshakeAllThreads (Deoptimize) done
Event: 1.565 Executing safepoint VM operation: ICBufferFull
Event: 1.565 Executing safepoint VM operation: ICBufferFull done
Event: 1.759 Executing non-safepoint VM operation: HandshakeAllThreads (Deoptimize)
Event: 1.759 Executing non-safepoint VM operation: HandshakeAllThreads (Deoptimize) done
Event: 1.788 Executing non-safepoint VM operation: HandshakeAllThreads (Deoptimize)
Event: 1.788 Executing non-safepoint VM operation: HandshakeAllThreads (Deoptimize) done
Event: 1.842 Executing safepoint VM operation: CollectForMetadataAllocation (Metadata GC Threshold)

Memory protections (14 events):
Event: 0.004 Protecting memory [0x000072c99f300000,0x000072c99f304000] with protection modes 0
Event: 0.037 Protecting memory [0x000072c99c1bb000,0x000072c99c1bf000] with protection modes 0
Event: 0.037 Protecting memory [0x000072c99c0bb000,0x000072c99c0bf000] with protection modes 0
Event: 0.037 Protecting memory [0x000072c997f00000,0x000072c997f04000] with protection modes 0
Event: 0.038 Protecting memory [0x000072c97c920000,0x000072c97c924000] with protection modes 0
Event: 0.038 Protecting memory [0x000072c97c820000,0x000072c97c824000] with protection modes 0
Event: 0.038 Protecting memory [0x000072c97c720000,0x000072c97c724000] with protection modes 0
Event: 0.038 Protecting memory [0x000072c97c620000,0x000072c97c624000] with protection modes 0
Event: 0.047 Protecting memory [0x000072c97c44f000,0x000072c97c453000] with protection modes 0
Event: 0.048 Protecting memory [0x000072c97c34f000,0x000072c97c353000] with protection modes 0
Event: 0.125 Protecting memory [0x000072c97c24f000,0x000072c97c253000] with protection modes 0
Event: 0.246 Protecting memory [0x000072c97c24f000,0x000072c97c253000] with protection modes 0
Event: 0.425 Protecting memory [0x000072c97c14f000,0x000072c97c153000] with protection modes 0
Event: 1.039 Protecting memory [0x000072c96c9fd000,0x000072c96ca01000] with protection modes 0

Nmethod flushes (0 events):
No events

Events (15 events):
Event: 0.027 Thread 0x000072c99801a1b0 Thread added: 0x000072c99801a1b0
Event: 0.037 Thread 0x000072c99801a1b0 Thread added: 0x000072c99815d9c0
Event: 0.037 Thread 0x000072c99801a1b0 Thread added: 0x000072c99815ef40
Event: 0.037 Thread 0x000072c99801a1b0 Thread added: 0x000072c9981606e0
Event: 0.038 Thread 0x000072c99801a1b0 Thread added: 0x000072c998161d30
Event: 0.038 Thread 0x000072c99801a1b0 Thread added: 0x000072c9981632e0
Event: 0.038 Thread 0x000072c99801a1b0 Thread added: 0x000072c998164e30
Event: 0.038 Thread 0x000072c99801a1b0 Thread added: 0x000072c99816e4f0
Event: 0.047 Thread 0x000072c99801a1b0 Thread added: 0x000072c9981a7600
Event: 0.048 Thread 0x000072c99801a1b0 Thread added: 0x000072c9981aaa20
Event: 0.125 Thread 0x000072c99801a1b0 Thread added: 0x000072c9983de630
Event: 0.129 Thread 0x000072c9983de630 Thread exited: 0x000072c9983de630
Event: 0.246 Thread 0x000072c99816e4f0 Thread added: 0x000072c8f4305aa0
Event: 0.424 Thread 0x000072c99816e4f0 Thread added: 0x000072c8f4234900
Event: 1.039 Thread 0x000072c99801a1b0 Thread added: 0x000072c998966790


Dynamic libraries:
708800000-718000000 rw-p 00000000 00:00 0 
718000000-7ffe00000 ---p 00000000 00:00 0 
7ffe00000-7fff0d000 rw-p 00cdb000 103:02 22699119                        /usr/lib/jvm/java-21-openjdk-amd64/lib/server/classes.jsa
7fff0d000-800000000 rw-p 00000000 00:00 0 
58bd36486000-58bd36487000 r--p 00000000 103:02 22698966                  /usr/lib/jvm/java-21-openjdk-amd64/bin/java
58bd36487000-58bd36488000 r-xp 00001000 103:02 22698966                  /usr/lib/jvm/java-21-openjdk-amd64/bin/java
58bd36488000-58bd36489000 r--p 00002000 103:02 22698966                  /usr/lib/jvm/java-21-openjdk-amd64/bin/java
58bd36489000-58bd3648a000 r--p 00002000 103:02 22698966                  /usr/lib/jvm/java-21-openjdk-amd64/bin/java
58bd3648a000-58bd3648b000 rw-p 00003000 103:02 22698966                  /usr/lib/jvm/java-21-openjdk-amd64/bin/java
58bd3ce8c000-58bd3ced3000 rw-p 00000000 00:00 0                          [heap]
72c8bc000000-72c8bc021000 rw-p 00000000 00:00 0 
72c8bc021000-72c8c0000000 ---p 00000000 00:00 0 
72c8c4000000-72c8c4021000 rw-p 00000000 00:00 0 
72c8c4021000-72c8c8000000 ---p 00000000 00:00 0 
72c8c8000000-72c8c8021000 rw-p 00000000 00:00 0 
72c8c8021000-72c8cc000000 ---p 00000000 00:00 0 
72c8cc000000-72c8cc021000 rw-p 00000000 00:00 0 
72c8cc021000-72c8d0000000 ---p 00000000 00:00 0 
72c8d0000000-72c8d0021000 rw-p 00000000 00:00 0 
72c8d0021000-72c8d4000000 ---p 00000000 00:00 0 
72c8d4000000-72c8d4021000 rw-p 00000000 00:00 0 
72c8d4021000-72c8d8000000 ---p 00000000 00:00 0 
72c8d8000000-72c8d8021000 rw-p 00000000 00:00 0 
72c8d8021000-72c8dc000000 ---p 00000000 00:00 0 
72c8dc000000-72c8dc021000 rw-p 00000000 00:00 0 
72c8dc021000-72c8e0000000 ---p 00000000 00:00 0 
72c8e0000000-72c8e01b1000 rw-p 00000000 00:00 0 
72c8e01b1000-72c8e4000000 ---p 00000000 00:00 0 
72c8e4000000-72c8e471a000 rw-p 00000000 00:00 0 
72c8e471a000-72c8e8000000 ---p 00000000 00:00 0 
72c8e8000000-72c8e8021000 rw-p 00000000 00:00 0 
72c8e8021000-72c8ec000000 ---p 00000000 00:00 0 
72c8ec000000-72c8ec021000 rw-p 00000000 00:00 0 
72c8ec021000-72c8f0000000 ---p 00000000 00:00 0 
72c8f0000000-72c8f0eae000 rw-p 00000000 00:00 0 
72c8f0eae000-72c8f4000000 ---p 00000000 00:00 0 
72c8f4000000-72c8f4626000 rw-p 00000000 00:00 0 
72c8f4626000-72c8f8000000 ---p 00000000 00:00 0 
72c8f8000000-72c8f8021000 rw-p 00000000 00:00 0 
72c8f8021000-72c8fc000000 ---p 00000000 00:00 0 
72c8fc000000-72c8fc021000 rw-p 00000000 00:00 0 
72c8fc021000-72c900000000 ---p 00000000 00:00 0 
72c900000000-72c900946000 rw-p 00000000 00:00 0 
72c900946000-72c904000000 ---p 00000000 00:00 0 
72c904000000-72c904021000 rw-p 00000000 00:00 0 
72c904021000-72c908000000 ---p 00000000 00:00 0 
72c908000000-72c908021000 rw-p 00000000 00:00 0 
72c908021000-72c90c000000 ---p 00000000 00:00 0 
72c90c000000-72c90c021000 rw-p 00000000 00:00 0 
72c90c021000-72c910000000 ---p 00000000 00:00 0 
72c910000000-72c910021000 rw-p 00000000 00:00 0 
72c910021000-72c914000000 ---p 00000000 00:00 0 
72c914000000-72c914021000 rw-p 00000000 00:00 0 
72c914021000-72c918000000 ---p 00000000 00:00 0 
72c91b000000-72c91b400000 rw-p 00000000 00:00 0 
72c91b400000-72c91bf00000 rw-p 00000000 00:00 0 
72c91bf00000-72c91bf80000 rw-p 00000000 00:00 0 
72c91bf80000-72c91c000000 ---p 00000000 00:00 0 
72c91c000000-72c91c2e0000 rw-p 00000000 00:00 0 
72c91c2e0000-72c91f000000 ---p 00000000 00:00 0 
72c91f000000-72c91fc9c000 rw-p 00001000 103:02 22699119                  /usr/lib/jvm/java-21-openjdk-amd64/lib/server/classes.jsa
72c91fc9c000-72c920000000 ---p 00000000 00:00 0 
72c920000000-72c920040000 rw-p 00000000 00:00 0 
72c920040000-72c920080000 rw-p 00000000 00:00 0 
72c920080000-72c9201c0000 rw-p 00000000 00:00 0 
72c9201c0000-72c9201f0000 rw-p 00000000 00:00 0 
72c9201f0000-72c920200000 ---p 00000000 00:00 0 
72c920200000-72c9202b0000 rw-p 00000000 00:00 0 
72c9202b0000-72c960000000 ---p 00000000 00:00 0 
72c960000000-72c960021000 rw-p 00000000 00:00 0 
72c960021000-72c964000000 ---p 00000000 00:00 0 
72c964000000-72c964021000 rw-p 00000000 00:00 0 
72c964021000-72c968000000 ---p 00000000 00:00 0 
72c968000000-72c968021000 rw-p 00000000 00:00 0 
72c968021000-72c96c000000 ---p 00000000 00:00 0 
72c96c315000-72c96c5f9000 rw-p 00000000 00:00 0 
72c96c5f9000-72c96c5fa000 ---p 00000000 00:00 0 
72c96c5fa000-72c96c6fa000 rw-p 00000000 00:00 0 
72c96c6fa000-72c96c6fb000 ---p 00000000 00:00 0 
72c96c6fb000-72c96c7fb000 rw-p 00000000 00:00 0 
72c96c7fb000-72c96c7fc000 ---p 00000000 00:00 0 
72c96c7fc000-72c96c8fc000 rw-p 00000000 00:00 0 
72c96c8fc000-72c96c8fd000 ---p 00000000 00:00 0 
72c96c8fd000-72c96c9fd000 rw-p 00000000 00:00 0 
72c96c9fd000-72c96ca01000 ---p 00000000 00:00 0 
72c96ca01000-72c96cafd000 rw-p 00000000 00:00 0 
72c96cafd000-72c96cafe000 ---p 00000000 00:00 0 
72c96cafe000-72c96cbfe000 rw-p 00000000 00:00 0 
72c96cbfe000-72c96cbff000 ---p 00000000 00:00 0 
72c96cbff000-72c96ccff000 rw-p 00000000 00:00 0 
72c96ccff000-72c96cd00000 ---p 00000000 00:00 0 
72c96cd00000-72c96ce00000 rw-p 00000000 00:00 0 
72c96ce00000-72c96ce03000 r-xp 00000000 103:02 29098024                  /tmp/jansi-2.4.2-5ed558d87e9c0981-libjansi.so
72c96ce03000-72c96d002000 ---p 00003000 103:02 29098024                  /tmp/jansi-2.4.2-5ed558d87e9c0981-libjansi.so
72c96d002000-72c96d003000 r--p 00002000 103:02 29098024                  /tmp/jansi-2.4.2-5ed558d87e9c0981-libjansi.so
72c96d003000-72c96d004000 rw-p 00003000 103:02 29098024                  /tmp/jansi-2.4.2-5ed558d87e9c0981-libjansi.so
72c96d0ff000-72c96d100000 ---p 00000000 00:00 0 
72c96d100000-72c96d200000 rw-p 00000000 00:00 0 
72c96d200000-72c96dfec000 r--p 00000000 103:02 21760639                  /usr/lib/locale/locale-archive
72c96e000000-72c970021000 rw-p 00000000 00:00 0 
72c970021000-72c974000000 ---p 00000000 00:00 0 
72c974000000-72c974021000 rw-p 00000000 00:00 0 
72c974021000-72c978000000 ---p 00000000 00:00 0 
72c978000000-72c978021000 rw-p 00000000 00:00 0 
72c978021000-72c97c000000 ---p 00000000 00:00 0 
72c97c04e000-72c97c04f000 ---p 00000000 00:00 0 
72c97c04f000-72c97c14f000 rw-p 00000000 00:00 0 
72c97c14f000-72c97c153000 ---p 00000000 00:00 0 
72c97c153000-72c97c24f000 rw-p 00000000 00:00 0 
72c97c24f000-72c97c253000 ---p 00000000 00:00 0 
72c97c253000-72c97c34f000 rw-p 00000000 00:00 0 
72c97c34f000-72c97c353000 ---p 00000000 00:00 0 
72c97c353000-72c97c44f000 rw-p 00000000 00:00 0 
72c97c44f000-72c97c453000 ---p 00000000 00:00 0 
72c97c453000-72c97c54f000 rw-p 00000000 00:00 0 
72c97c54f000-72c97c554000 r--p 00000000 103:02 22699100                  /usr/lib/jvm/java-21-openjdk-amd64/lib/libjsvml.so
72c97c554000-72c97c595000 r-xp 00005000 103:02 22699100                  /usr/lib/jvm/java-21-openjdk-amd64/lib/libjsvml.so
72c97c595000-72c97c61e000 r--p 00046000 103:02 22699100                  /usr/lib/jvm/java-21-openjdk-amd64/lib/libjsvml.so
72c97c61e000-72c97c61f000 r--p 000ce000 103:02 22699100                  /usr/lib/jvm/java-21-openjdk-amd64/lib/libjsvml.so
72c97c61f000-72c97c620000 rw-p 000cf000 103:02 22699100                  /usr/lib/jvm/java-21-openjdk-amd64/lib/libjsvml.so
72c97c620000-72c97c624000 ---p 00000000 00:00 0 
72c97c624000-72c97c720000 rw-p 00000000 00:00 0 
72c97c720000-72c97c724000 ---p 00000000 00:00 0 
72c97c724000-72c97c820000 rw-p 00000000 00:00 0 
72c97c820000-72c97c824000 ---p 00000000 00:00 0 
72c97c824000-72c97c920000 rw-p 00000000 00:00 0 
72c97c920000-72c97c924000 ---p 00000000 00:00 0 
72c97c924000-72c97ca20000 rw-p 00000000 00:00 0 
72c97ca20000-72c97ce00000 rw-p 00000000 00:00 0 
72c97ce00000-72c9807f8000 ---p 00000000 00:00 0 
72c9807f8000-72c980800000 rw-p 00000000 00:00 0 
72c980800000-72c981030000 rwxp 00000000 00:00 0 
72c981030000-72c987d37000 ---p 00000000 00:00 0 
72c987d37000-72c987fa7000 rwxp 00000000 00:00 0 
72c987fa7000-72c9882c9000 ---p 00000000 00:00 0 
72c9882c9000-72c988539000 rwxp 00000000 00:00 0 
72c988539000-72c98f800000 ---p 00000000 00:00 0 
72c98f800000-72c997e3e000 r--s 00000000 103:02 22699116                  /usr/lib/jvm/java-21-openjdk-amd64/lib/modules
72c997f00000-72c997f04000 ---p 00000000 00:00 0 
72c997f04000-72c998000000 rw-p 00000000 00:00 0 
72c998000000-72c998d93000 rw-p 00000000 00:00 0 
72c998d93000-72c99c000000 ---p 00000000 00:00 0 
72c99c0bb000-72c99c0bf000 ---p 00000000 00:00 0 
72c99c0bf000-72c99c1bb000 rw-p 00000000 00:00 0 
72c99c1bb000-72c99c1bf000 ---p 00000000 00:00 0 
72c99c1bf000-72c99c2bb000 rw-p 00000000 00:00 0 
72c99c2bb000-72c99c2bc000 ---p 00000000 00:00 0 
72c99c2bc000-72c99c3bc000 rw-p 00000000 00:00 0 
72c99c3bc000-72c99c3bd000 ---p 00000000 00:00 0 
72c99c3bd000-72c99c4bd000 rw-p 00000000 00:00 0 
72c99c4bd000-72c99c599000 rw-p 00000000 00:00 0 
72c99c599000-72c99c59a000 ---p 00000000 00:00 0 
72c99c59a000-72c99c69a000 rw-p 00000000 00:00 0 
72c99c69a000-72c99c69b000 ---p 00000000 00:00 0 
72c99c69b000-72c99c79b000 rw-p 00000000 00:00 0 
72c99c79b000-72c99d1a5000 rw-p 00000000 00:00 0 
72c99d1a5000-72c99d1a6000 ---p 00000000 00:00 0 
72c99d1a6000-72c99d2a6000 rw-p 00000000 00:00 0 
72c99d2a6000-72c99d2a7000 ---p 00000000 00:00 0 
72c99d2a7000-72c99d3a7000 rw-p 00000000 00:00 0 
72c99d3a7000-72c99d3a8000 ---p 00000000 00:00 0 
72c99d3a8000-72c99d4a8000 rw-p 00000000 00:00 0 
72c99d4a8000-72c99d524000 rw-p 00000000 00:00 0 
72c99d524000-72c99dc63000 ---p 00000000 00:00 0 
72c99dc63000-72c99dce0000 rw-p 00000000 00:00 0 
72c99dce0000-72c99e41f000 ---p 00000000 00:00 0 
72c99e41f000-72c99ee2f000 rw-p 00000000 00:00 0 
72c99ee2f000-72c99ef15000 ---p 00000000 00:00 0 
72c99ef15000-72c99ef26000 rw-p 00000000 00:00 0 
72c99ef26000-72c99f000000 ---p 00000000 00:00 0 
72c99f000000-72c99f09d000 r--p 00000000 103:02 21770025                  /usr/lib/x86_64-linux-gnu/libstdc++.so.6.0.33
72c99f09d000-72c99f1e5000 r-xp 0009d000 103:02 21770025                  /usr/lib/x86_64-linux-gnu/libstdc++.so.6.0.33
72c99f1e5000-72c99f26c000 r--p 001e5000 103:02 21770025                  /usr/lib/x86_64-linux-gnu/libstdc++.so.6.0.33
72c99f26c000-72c99f277000 r--p 0026b000 103:02 21770025                  /usr/lib/x86_64-linux-gnu/libstdc++.so.6.0.33
72c99f277000-72c99f27a000 rw-p 00276000 103:02 21770025                  /usr/lib/x86_64-linux-gnu/libstdc++.so.6.0.33
72c99f27a000-72c99f27e000 rw-p 00000000 00:00 0 
72c99f281000-72c99f285000 r--p 00000000 103:02 22699114                  /usr/lib/jvm/java-21-openjdk-amd64/lib/libverify.so
72c99f285000-72c99f28c000 r-xp 00004000 103:02 22699114                  /usr/lib/jvm/java-21-openjdk-amd64/lib/libverify.so
72c99f28c000-72c99f28e000 r--p 0000b000 103:02 22699114                  /usr/lib/jvm/java-21-openjdk-amd64/lib/libverify.so
72c99f28e000-72c99f290000 r--p 0000c000 103:02 22699114                  /usr/lib/jvm/java-21-openjdk-amd64/lib/libverify.so
72c99f290000-72c99f291000 rw-p 0000e000 103:02 22699114                  /usr/lib/jvm/java-21-openjdk-amd64/lib/libverify.so
72c99f291000-72c99f292000 r--p 00000000 103:02 21770078                  /usr/lib/x86_64-linux-gnu/libutil.so.1
72c99f292000-72c99f293000 r-xp 00001000 103:02 21770078                  /usr/lib/x86_64-linux-gnu/libutil.so.1
72c99f293000-72c99f294000 r--p 00002000 103:02 21770078                  /usr/lib/x86_64-linux-gnu/libutil.so.1
72c99f294000-72c99f295000 r--p 00002000 103:02 21770078                  /usr/lib/x86_64-linux-gnu/libutil.so.1
72c99f295000-72c99f296000 rw-p 00003000 103:02 21770078                  /usr/lib/x86_64-linux-gnu/libutil.so.1
72c99f29e000-72c99f2a5000 r--s 00000000 103:02 21771180                  /usr/lib/x86_64-linux-gnu/gconv/gconv-modules.cache
72c99f2a5000-72c99f2a7000 r--p 00000000 103:02 22699115                  /usr/lib/jvm/java-21-openjdk-amd64/lib/libzip.so
72c99f2a7000-72c99f2ac000 r-xp 00002000 103:02 22699115                  /usr/lib/jvm/java-21-openjdk-amd64/lib/libzip.so
72c99f2ac000-72c99f2ae000 r--p 00007000 103:02 22699115                  /usr/lib/jvm/java-21-openjdk-amd64/lib/libzip.so
72c99f2ae000-72c99f2af000 r--p 00008000 103:02 22699115                  /usr/lib/jvm/java-21-openjdk-amd64/lib/libzip.so
72c99f2af000-72c99f2b0000 rw-p 00009000 103:02 22699115                  /usr/lib/jvm/java-21-openjdk-amd64/lib/libzip.so
72c99f2b0000-72c99f2b3000 r--p 00000000 103:02 22699107                  /usr/lib/jvm/java-21-openjdk-amd64/lib/libnet.so
72c99f2b3000-72c99f2bb000 r-xp 00003000 103:02 22699107                  /usr/lib/jvm/java-21-openjdk-amd64/lib/libnet.so
72c99f2bb000-72c99f2bd000 r--p 0000b000 103:02 22699107                  /usr/lib/jvm/java-21-openjdk-amd64/lib/libnet.so
72c99f2bd000-72c99f2be000 r--p 0000c000 103:02 22699107                  /usr/lib/jvm/java-21-openjdk-amd64/lib/libnet.so
72c99f2be000-72c99f2bf000 rw-p 0000d000 103:02 22699107                  /usr/lib/jvm/java-21-openjdk-amd64/lib/libnet.so
72c99f2bf000-72c99f300000 rw-p 00000000 00:00 0 
72c99f300000-72c99f304000 ---p 00000000 00:00 0 
72c99f304000-72c99f400000 rw-p 00000000 00:00 0 
72c99f400000-72c99f6a2000 r--p 00000000 103:02 22699122                  /usr/lib/jvm/java-21-openjdk-amd64/lib/server/libjvm.so
72c99f6a2000-72c9a0518000 r-xp 002a2000 103:02 22699122                  /usr/lib/jvm/java-21-openjdk-amd64/lib/server/libjvm.so
72c9a0518000-72c9a07f2000 r--p 01118000 103:02 22699122                  /usr/lib/jvm/java-21-openjdk-amd64/lib/server/libjvm.so
72c9a07f2000-72c9a08c6000 r--p 013f1000 103:02 22699122                  /usr/lib/jvm/java-21-openjdk-amd64/lib/server/libjvm.so
72c9a08c6000-72c9a08f6000 rw-p 014c5000 103:02 22699122                  /usr/lib/jvm/java-21-openjdk-amd64/lib/server/libjvm.so
72c9a08f6000-72c9a09dc000 rw-p 00000000 00:00 0 
72c9a09dc000-72c9a09e9000 r--p 00000000 103:02 22699093                  /usr/lib/jvm/java-21-openjdk-amd64/lib/libjava.so
72c9a09e9000-72c9a09f8000 r-xp 0000d000 103:02 22699093                  /usr/lib/jvm/java-21-openjdk-amd64/lib/libjava.so
72c9a09f8000-72c9a09fd000 r--p 0001c000 103:02 22699093                  /usr/lib/jvm/java-21-openjdk-amd64/lib/libjava.so
72c9a09fd000-72c9a09fe000 r--p 00021000 103:02 22699093                  /usr/lib/jvm/java-21-openjdk-amd64/lib/libjava.so
72c9a09fe000-72c9a09ff000 rw-p 00022000 103:02 22699093                  /usr/lib/jvm/java-21-openjdk-amd64/lib/libjava.so
72c9a09ff000-72c9a0a00000 rw-p 00000000 00:00 0 
72c9a0a00000-72c9a0a28000 r--p 00000000 103:02 21769498                  /usr/lib/x86_64-linux-gnu/libc.so.6
72c9a0a28000-72c9a0bb0000 r-xp 00028000 103:02 21769498                  /usr/lib/x86_64-linux-gnu/libc.so.6
72c9a0bb0000-72c9a0bff000 r--p 001b0000 103:02 21769498                  /usr/lib/x86_64-linux-gnu/libc.so.6
72c9a0bff000-72c9a0c03000 r--p 001fe000 103:02 21769498                  /usr/lib/x86_64-linux-gnu/libc.so.6
72c9a0c03000-72c9a0c05000 rw-p 00202000 103:02 21769498                  /usr/lib/x86_64-linux-gnu/libc.so.6
72c9a0c05000-72c9a0c12000 rw-p 00000000 00:00 0 
72c9a0c12000-72c9a0c19000 r--p 00000000 103:02 22699108                  /usr/lib/jvm/java-21-openjdk-amd64/lib/libnio.so
72c9a0c19000-72c9a0c22000 r-xp 00007000 103:02 22699108                  /usr/lib/jvm/java-21-openjdk-amd64/lib/libnio.so
72c9a0c22000-72c9a0c26000 r--p 00010000 103:02 22699108                  /usr/lib/jvm/java-21-openjdk-amd64/lib/libnio.so
72c9a0c26000-72c9a0c27000 r--p 00014000 103:02 22699108                  /usr/lib/jvm/java-21-openjdk-amd64/lib/libnio.so
72c9a0c27000-72c9a0c28000 rw-p 00015000 103:02 22699108                  /usr/lib/jvm/java-21-openjdk-amd64/lib/libnio.so
72c9a0c28000-72c9a0c2d000 rw-p 00000000 00:00 0 
72c9a0c2d000-72c9a0c34000 ---p 00000000 00:00 0 
72c9a0c34000-72c9a0c3c000 rw-s 00000000 103:02 30933050                  /tmp/hsperfdata_lucky/133698
72c9a0c3c000-72c9a0c40000 r--p 00000000 103:02 21769632                  /usr/lib/x86_64-linux-gnu/libgcc_s.so.1
72c9a0c40000-72c9a0c64000 r-xp 00004000 103:02 21769632                  /usr/lib/x86_64-linux-gnu/libgcc_s.so.1
72c9a0c64000-72c9a0c68000 r--p 00028000 103:02 21769632                  /usr/lib/x86_64-linux-gnu/libgcc_s.so.1
72c9a0c68000-72c9a0c69000 r--p 0002b000 103:02 21769632                  /usr/lib/x86_64-linux-gnu/libgcc_s.so.1
72c9a0c69000-72c9a0c6a000 rw-p 0002c000 103:02 21769632                  /usr/lib/x86_64-linux-gnu/libgcc_s.so.1
72c9a0c6a000-72c9a0c7a000 r--p 00000000 103:02 21769803                  /usr/lib/x86_64-linux-gnu/libm.so.6
72c9a0c7a000-72c9a0cf9000 r-xp 00010000 103:02 21769803                  /usr/lib/x86_64-linux-gnu/libm.so.6
72c9a0cf9000-72c9a0d51000 r--p 0008f000 103:02 21769803                  /usr/lib/x86_64-linux-gnu/libm.so.6
72c9a0d51000-72c9a0d52000 r--p 000e7000 103:02 21769803                  /usr/lib/x86_64-linux-gnu/libm.so.6
72c9a0d52000-72c9a0d53000 rw-p 000e8000 103:02 21769803                  /usr/lib/x86_64-linux-gnu/libm.so.6
72c9a0d53000-72c9a0d55000 rw-p 00000000 00:00 0 
72c9a0d55000-72c9a0d57000 r--p 00000000 103:02 22699097                  /usr/lib/jvm/java-21-openjdk-amd64/lib/libjli.so
72c9a0d57000-72c9a0d61000 r-xp 00002000 103:02 22699097                  /usr/lib/jvm/java-21-openjdk-amd64/lib/libjli.so
72c9a0d61000-72c9a0d64000 r--p 0000c000 103:02 22699097                  /usr/lib/jvm/java-21-openjdk-amd64/lib/libjli.so
72c9a0d64000-72c9a0d65000 r--p 0000f000 103:02 22699097                  /usr/lib/jvm/java-21-openjdk-amd64/lib/libjli.so
72c9a0d65000-72c9a0d66000 rw-p 00010000 103:02 22699097                  /usr/lib/jvm/java-21-openjdk-amd64/lib/libjli.so
72c9a0d66000-72c9a0d68000 r--p 00000000 103:02 21770159                  /usr/lib/x86_64-linux-gnu/libz.so.1.3
72c9a0d68000-72c9a0d7a000 r-xp 00002000 103:02 21770159                  /usr/lib/x86_64-linux-gnu/libz.so.1.3
72c9a0d7a000-72c9a0d80000 r--p 00014000 103:02 21770159                  /usr/lib/x86_64-linux-gnu/libz.so.1.3
72c9a0d80000-72c9a0d81000 r--p 0001a000 103:02 21770159                  /usr/lib/x86_64-linux-gnu/libz.so.1.3
72c9a0d81000-72c9a0d82000 rw-p 0001b000 103:02 21770159                  /usr/lib/x86_64-linux-gnu/libz.so.1.3
72c9a0d86000-72c9a0d87000 ---p 00000000 00:00 0 
72c9a0d87000-72c9a0d88000 r--p 00000000 00:00 0 
72c9a0d88000-72c9a0d89000 ---p 00000000 00:00 0 
72c9a0d89000-72c9a0d8b000 r--p 00000000 103:02 22699096                  /usr/lib/jvm/java-21-openjdk-amd64/lib/libjimage.so
72c9a0d8b000-72c9a0d8e000 r-xp 00002000 103:02 22699096                  /usr/lib/jvm/java-21-openjdk-amd64/lib/libjimage.so
72c9a0d8e000-72c9a0d8f000 r--p 00005000 103:02 22699096                  /usr/lib/jvm/java-21-openjdk-amd64/lib/libjimage.so
72c9a0d8f000-72c9a0d90000 r--p 00006000 103:02 22699096                  /usr/lib/jvm/java-21-openjdk-amd64/lib/libjimage.so
72c9a0d90000-72c9a0d91000 rw-p 00007000 103:02 22699096                  /usr/lib/jvm/java-21-openjdk-amd64/lib/libjimage.so
72c9a0d91000-72c9a0d93000 rw-p 00000000 00:00 0 
72c9a0d93000-72c9a0d97000 r--p 00000000 00:00 0                          [vvar]
72c9a0d97000-72c9a0d99000 r--p 00000000 00:00 0                          [vvar_vclock]
72c9a0d99000-72c9a0d9b000 r-xp 00000000 00:00 0                          [vdso]
72c9a0d9b000-72c9a0d9c000 r--p 00000000 103:02 21769292                  /usr/lib/x86_64-linux-gnu/ld-linux-x86-64.so.2
72c9a0d9c000-72c9a0dc7000 r-xp 00001000 103:02 21769292                  /usr/lib/x86_64-linux-gnu/ld-linux-x86-64.so.2
72c9a0dc7000-72c9a0dd1000 r--p 0002c000 103:02 21769292                  /usr/lib/x86_64-linux-gnu/ld-linux-x86-64.so.2
72c9a0dd1000-72c9a0dd3000 r--p 00036000 103:02 21769292                  /usr/lib/x86_64-linux-gnu/ld-linux-x86-64.so.2
72c9a0dd3000-72c9a0dd5000 rw-p 00038000 103:02 21769292                  /usr/lib/x86_64-linux-gnu/ld-linux-x86-64.so.2
7ffe9cdd9000-7ffe9cdfa000 rw-p 00000000 00:00 0                          [stack]
ffffffffff600000-ffffffffff601000 --xp 00000000 00:00 0                  [vsyscall]
Total number of mappings: 266

JVMTI agents: none


VM Arguments:
jvm_args: --enable-native-access=ALL-UNNAMED -Dfile.encoding=UTF-8 -Dclassworlds.conf=/snap/intellij-idea/54/plugins/maven/lib/maven3/bin/m2.conf -Dmaven.home=/snap/intellij-idea/54/plugins/maven/lib/maven3 -Dlibrary.jansi.path=/snap/intellij-idea/54/plugins/maven/lib/maven3/lib/jansi-native -Dmaven.multiModuleProjectDirectory=/home/lucky/Downloads/lucky-pos 
java_command: org.codehaus.plexus.classworlds.launcher.Launcher -Didea.version=2026.1 -Dmaven.ext.class.path=/snap/intellij-idea/54/plugins/maven/lib/intellij.maven.rt/maven-event-listener.jar -Djansi.passthrough=true -Dstyle.color=always -Dmaven.repo.local=/home/lucky/.m2/repository install -f pom.xml
java_class_path (initial): /snap/intellij-idea/54/plugins/maven/lib/maven3/boot/plexus-classworlds-2.9.0.jar
Launcher Type: SUN_STANDARD

[Global flags]
     intx CICompilerCount                          = 4                                         {product} {ergonomic}
     uint ConcGCThreads                            = 3                                         {product} {ergonomic}
     uint G1ConcRefinementThreads                  = 10                                        {product} {ergonomic}
   size_t G1HeapRegionSize                         = 2097152                                   {product} {ergonomic}
    uintx GCDrainStackTargetSize                   = 64                                        {product} {ergonomic}
   size_t InitialHeapSize                          = 260046848                                 {product} {ergonomic}
   size_t MarkStackSize                            = 4194304                                   {product} {ergonomic}
   size_t MaxHeapSize                              = 4152360960                                {product} {ergonomic}
   size_t MaxNewSize                               = 2491416576                                {product} {ergonomic}
   size_t MinHeapDeltaBytes                        = 2097152                                   {product} {ergonomic}
   size_t MinHeapSize                              = 8388608                                   {product} {ergonomic}
    uintx NonNMethodCodeHeapSize                   = 5839372                                {pd product} {ergonomic}
    uintx NonProfiledCodeHeapSize                  = 122909434                              {pd product} {ergonomic}
    uintx ProfiledCodeHeapSize                     = 122909434                              {pd product} {ergonomic}
    uintx ReservedCodeCacheSize                    = 251658240                              {pd product} {ergonomic}
     bool SegmentedCodeCache                       = true                                      {product} {ergonomic}
   size_t SoftMaxHeapSize                          = 4152360960                             {manageable} {ergonomic}
     bool UseCompressedOops                        = true                           {product lp64_product} {ergonomic}
     bool UseG1GC                                  = true                                      {product} {ergonomic}

Logging:
Log output configuration:
 #0: stdout all=warning uptime,level,tags foldmultilines=false
 #1: stderr all=off uptime,level,tags foldmultilines=false

Release file:
IMPLEMENTOR="Ubuntu"
JAVA_RUNTIME_VERSION="21.0.10+7-Ubuntu-124.04"
JAVA_VERSION="21.0.10"
JAVA_VERSION_DATE="2026-01-20"
LIBC="gnu"
MODULES="java.base java.compiler java.datatransfer java.xml java.prefs java.desktop java.instrument java.logging java.management java.security.sasl java.naming java.rmi java.management.rmi java.net.http java.scripting java.security.jgss java.transaction.xa java.sql java.sql.rowset java.xml.crypto java.se java.smartcardio jdk.accessibility jdk.internal.jvmstat jdk.attach jdk.charsets jdk.internal.opt jdk.zipfs jdk.compiler jdk.crypto.ec jdk.crypto.cryptoki jdk.dynalink jdk.internal.ed jdk.editpad jdk.hotspot.agent jdk.httpserver jdk.incubator.vector jdk.internal.le jdk.internal.vm.ci jdk.internal.vm.compiler jdk.internal.vm.compiler.management jdk.jartool jdk.javadoc jdk.jcmd jdk.management jdk.management.agent jdk.jconsole jdk.jdeps jdk.jdwp.agent jdk.jdi jdk.jfr jdk.jlink jdk.jpackage jdk.jshell jdk.jsobject jdk.jstatd jdk.localedata jdk.management.jfr jdk.naming.dns jdk.naming.rmi jdk.net jdk.nio.mapmode jdk.random jdk.sctp jdk.security.auth jdk.security.jgss jdk.unsupported jdk.unsupported.desktop jdk.xml.dom"
OS_ARCH="x86_64"
OS_NAME="Linux"
SOURCE=""

Environment Variables:
JAVA_HOME=/usr/lib/jvm/java-1.21.0-openjdk-amd64
PATH=/usr/local/sbin:/usr/local/bin:/usr/sbin:/usr/bin:/sbin:/bin:/usr/games:/usr/local/games:/snap/bin:/snap/bin
USERNAME=lucky
SHELL=/usr/bin/zsh
DISPLAY=:0
LANG=en_US.UTF-8

Active Locale:
LC_ALL=en_US.UTF-8
LC_COLLATE=en_US.UTF-8
LC_CTYPE=en_US.UTF-8
LC_MESSAGES=en_US.UTF-8
LC_MONETARY=en_US.UTF-8
LC_NUMERIC=en_US.UTF-8
LC_TIME=en_US.UTF-8

Signal Handlers:
   SIGSEGV: crash_handler in libjvm.so, mask=11100100010111111101111111111110, flags=SA_RESTART|SA_SIGINFO, unblocked
    SIGBUS: crash_handler in libjvm.so, mask=11100100010111111101111111111110, flags=SA_RESTART|SA_SIGINFO, unblocked
    SIGFPE: crash_handler in libjvm.so, mask=11100100010111111101111111111110, flags=SA_RESTART|SA_SIGINFO, unblocked
   SIGPIPE: javaSignalHandler in libjvm.so, mask=11100100010111111101111111111110, flags=SA_RESTART|SA_SIGINFO, blocked
   SIGXFSZ: javaSignalHandler in libjvm.so, mask=11100100010111111101111111111110, flags=SA_RESTART|SA_SIGINFO, blocked
    SIGILL: crash_handler in libjvm.so, mask=11100100010111111101111111111110, flags=SA_RESTART|SA_SIGINFO, unblocked
   SIGUSR2: SR_handler in libjvm.so, mask=00000000000000000000000000000000, flags=SA_RESTART|SA_SIGINFO, blocked
    SIGHUP: UserHandler in libjvm.so, mask=11100100010111111101111111111110, flags=SA_RESTART|SA_SIGINFO, blocked
    SIGINT: UserHandler in libjvm.so, mask=11100100010111111101111111111110, flags=SA_RESTART|SA_SIGINFO, blocked
   SIGTERM: UserHandler in libjvm.so, mask=11100100010111111101111111111110, flags=SA_RESTART|SA_SIGINFO, blocked
   SIGQUIT: UserHandler in libjvm.so, mask=11100100010111111101111111111110, flags=SA_RESTART|SA_SIGINFO, blocked
   SIGTRAP: crash_handler in libjvm.so, mask=11100100010111111101111111111110, flags=SA_RESTART|SA_SIGINFO, unblocked


Periodic native trim disabled

---------------  S Y S T E M  ---------------

OS:
DISTRIB_ID=Ubuntu
DISTRIB_RELEASE=24.04
DISTRIB_CODENAME=noble
DISTRIB_DESCRIPTION="Ubuntu 24.04.4 LTS"
uname: Linux 6.17.0-14-generic #14~24.04.1-Ubuntu SMP PREEMPT_DYNAMIC Thu Jan 15 15:52:10 UTC 2 x86_64
OS uptime: 0 days 0:58 hours
libc: glibc 2.39 NPTL 2.39 
rlimit (soft/hard): STACK 8192k/infinity , CORE 0k/infinity , NPROC 62845/62845 , NOFILE 1048576/1048576 , AS infinity/infinity , CPU infinity/infinity , DATA infinity/infinity , FSIZE infinity/infinity , MEMLOCK 2027488k/2027488k
load average: 5.39 3.22 1.95

/proc/meminfo:
MemTotal:       16219920 kB
MemFree:         4952840 kB
MemAvailable:   10225724 kB
Buffers:          132448 kB
Cached:          5784784 kB
SwapCached:            0 kB
Active:          7418332 kB
Inactive:        2286120 kB
Active(anon):    4233160 kB
Inactive(anon):        0 kB
Active(file):    3185172 kB
Inactive(file):  2286120 kB
Unevictable:      779976 kB
Mlocked:             104 kB
SwapTotal:       4194300 kB
SwapFree:        4194300 kB
Zswap:                 0 kB
Zswapped:              0 kB
Dirty:             12840 kB
Writeback:             0 kB
AnonPages:       4567680 kB
Mapped:          1819244 kB
Shmem:            805376 kB
KReclaimable:     117416 kB
Slab:             390680 kB
SReclaimable:     117416 kB
SUnreclaim:       273264 kB
KernelStack:       22208 kB
PageTables:        53768 kB
SecPageTables:      4472 kB
NFS_Unstable:          0 kB
Bounce:                0 kB
WritebackTmp:          0 kB
CommitLimit:    12304260 kB
Committed_AS:   12447448 kB
VmallocTotal:   34359738367 kB
VmallocUsed:      131612 kB
VmallocChunk:          0 kB
Percpu:            12816 kB
HardwareCorrupted:     0 kB
AnonHugePages:         0 kB
ShmemHugePages:   735232 kB
ShmemPmdMapped:        0 kB
FileHugePages:         0 kB
FilePmdMapped:         0 kB
CmaTotal:              0 kB
CmaFree:               0 kB
Unaccepted:            0 kB
Balloon:               0 kB
HugePages_Total:       0
HugePages_Free:        0
HugePages_Rsvd:        0
HugePages_Surp:        0
Hugepagesize:       2048 kB
Hugetlb:               0 kB
DirectMap4k:      367260 kB
DirectMap2M:     5771264 kB
DirectMap1G:    10485760 kB

/sys/kernel/mm/transparent_hugepage/enabled: always [madvise] never
/sys/kernel/mm/transparent_hugepage/hpage_pmd_size: 2097152
/sys/kernel/mm/transparent_hugepage/defrag (defrag/compaction efforts parameter): always defer defer+madvise [madvise] never

Process Memory:
Virtual Size: 7684368K (peak: 7746916K)
Resident Set Size: 205904K (peak: 205904K) (anon: 176832K, file: 29072K, shmem: 0K)
Swapped out: 0K
C-Heap outstanding allocations: 74963K, retained: 6700K
glibc malloc tunables: (default)

/proc/sys/kernel/threads-max (system-wide limit on the number of threads): 125691
/proc/sys/vm/max_map_count (maximum number of memory map areas a process may have): 1048576
/proc/sys/vm/swappiness (control to define how aggressively the kernel swaps out anonymous memory): 60
/proc/sys/kernel/pid_max (system-wide limit on number of process identifiers): 4194304

container information not found.
Steal ticks since vm start: 0
Steal ticks percentage since vm start:  0.000

CPU: total 12 (initial active 12) (6 cores per cpu, 2 threads per core) family 6 model 158 stepping 13 microcode 0x104, cx8, cmov, fxsr, ht, mmx, 3dnowpref, sse, sse2, sse3, ssse3, sse4.1, sse4.2, popcnt, lzcnt, tsc, tscinvbit, avx, avx2, aes, erms, clmul, bmi1, bmi2, adx, fma, vzeroupper, clflush, clflushopt, rdtscp, f16c
CPU Model and flags from /proc/cpuinfo:
model name	: Intel(R) Core(TM) i7-9750H CPU @ 2.60GHz
flags		: fpu vme de pse tsc msr pae mce cx8 apic sep mtrr pge mca cmov pat pse36 clflush dts acpi mmx fxsr sse sse2 ss ht tm pbe syscall nx pdpe1gb rdtscp lm constant_tsc art arch_perfmon pebs bts rep_good nopl xtopology nonstop_tsc cpuid aperfmperf pni pclmulqdq dtes64 monitor ds_cpl vmx est tm2 ssse3 sdbg fma cx16 xtpr pdcm pcid sse4_1 sse4_2 x2apic movbe popcnt tsc_deadline_timer aes xsave avx f16c rdrand lahf_lm abm 3dnowprefetch cpuid_fault epb ssbd ibrs ibpb stibp ibrs_enhanced tpr_shadow flexpriority ept vpid ept_ad fsgsbase tsc_adjust bmi1 avx2 smep bmi2 erms invpcid mpx rdseed adx smap clflushopt intel_pt xsaveopt xsavec xgetbv1 xsaves dtherm ida arat pln pts hwp hwp_notify hwp_act_window hwp_epp vnmi md_clear flush_l1d arch_capabilities

Online cpus: 0-11
Offline cpus: 
BIOS frequency limitation: <Not Available>
Frequency switch latency (ns): 0
Available cpu frequencies: <Not Available>
Current governor: powersave
Core performance/turbo boost: <Not Available>

Memory: 4k page, physical 16219920k(10225724k free), swap 4194300k(4194300k free)
Page Sizes: 4k

vm_info: OpenJDK 64-Bit Server VM (21.0.10+7-Ubuntu-124.04) for linux-amd64 JRE (21.0.10+7-Ubuntu-124.04), built on 2026-01-22T23:46:23Z by "buildd" with gcc 13.3.0

END.
