#
# A fatal error has been detected by the Java Runtime Environment:
#
#  SIGSEGV (0xb) at pc=0x00007b0bbe8749a1, pid=133616, tid=133647
#
# JRE version: OpenJDK Runtime Environment (21.0.10+7) (build 21.0.10+7-Ubuntu-124.04)
# Java VM: OpenJDK 64-Bit Server VM (21.0.10+7-Ubuntu-124.04, mixed mode, sharing, tiered, compressed oops, compressed class ptrs, g1 gc, linux-amd64)
# Problematic frame:
# V  [libjvm.so+0x6749a1]  vframeStreamCommon::next()+0x491
#
# Core dump will be written. Default location: Core dumps may be processed with "/usr/share/apport/apport -p%p -s%s -c%c -d%d -P%P -u%u -g%g -F%F -- %E" (or dumping to /home/lucky/Downloads/lucky-pos/core.133616)
#
# If you would like to submit a bug report, please visit:
#   https://bugs.launchpad.net/ubuntu/+source/openjdk-21
#

---------------  S U M M A R Y ------------

Command Line: --enable-native-access=ALL-UNNAMED -Dfile.encoding=UTF-8 -Dclassworlds.conf=/snap/intellij-idea/54/plugins/maven/lib/maven3/bin/m2.conf -Dmaven.home=/snap/intellij-idea/54/plugins/maven/lib/maven3 -Dlibrary.jansi.path=/snap/intellij-idea/54/plugins/maven/lib/maven3/lib/jansi-native -Dmaven.multiModuleProjectDirectory=/home/lucky/Downloads/lucky-pos org.codehaus.plexus.classworlds.launcher.Launcher -Didea.version=2026.1 -Dmaven.ext.class.path=/snap/intellij-idea/54/plugins/maven/lib/intellij.maven.rt/maven-event-listener.jar -Djansi.passthrough=true -Dstyle.color=always -Dmaven.repo.local=/home/lucky/.m2/repository clean -f pom.xml

Host: Intel(R) Core(TM) i7-9750H CPU @ 2.60GHz, 12 cores, 15G, Ubuntu 24.04.4 LTS
Time: Fri Apr  3 19:18:23 2026 +0530 elapsed time: 1.850868 seconds (0d 0h 0m 1s)

---------------  T H R E A D  ---------------

Current thread (0x00007b0bb801a1b0):  JavaThread "main"             [_thread_in_vm, id=133647, stack(0x00007b0bbdd00000,0x00007b0bbde00000) (1024K)]

Stack: [0x00007b0bbdd00000,0x00007b0bbde00000],  sp=0x00007b0bbddfc8d0,  free space=1010k
Native frames: (J=compiled Java code, j=interpreted, Vv=VM code, C=native code)
V  [libjvm.so+0x6749a1]  vframeStreamCommon::next()+0x491
V  [libjvm.so+0x9fdfb6]  JVM_GetCallerClass+0x96
J 242  jdk.internal.reflect.Reflection.getCallerClass()Ljava/lang/Class; java.base@21.0.10 (0 bytes) @ 0x00007b0ba82de0e5 [0x00007b0ba82de020+0x00000000000000c5]
J 1425 c1 java.security.AccessController.doPrivileged(Ljava/security/PrivilegedExceptionAction;)Ljava/lang/Object; java.base@21.0.10 (22 bytes) @ 0x00007b0ba0a86c84 [0x00007b0ba0a86c20+0x0000000000000064]
Java frames: (J=compiled Java code, j=interpreted, Vv=VM code)
J 242  jdk.internal.reflect.Reflection.getCallerClass()Ljava/lang/Class; java.base@21.0.10 (0 bytes) @ 0x00007b0ba82de076 [0x00007b0ba82de020+0x0000000000000056]
J 1425 c1 java.security.AccessController.doPrivileged(Ljava/security/PrivilegedExceptionAction;)Ljava/lang/Object; java.base@21.0.10 (22 bytes) @ 0x00007b0ba0a86c84 [0x00007b0ba0a86c20+0x0000000000000064]

[error occurred during error reporting (printing Java stack), id 0xb, SIGSEGV (0xb) at pc=0x00007b0bbe857ea8]

siginfo: si_signo: 11 (SIGSEGV), si_code: 128 (SI_KERNEL), si_addr: 0x0000000000000000

Registers:
RAX=0xe335efae2696a692, RBX=0x00007b0bbddfca80, RCX=0x000000000000100e, RDX=0x00007b0ba0a86c84
RSP=0x00007b0bbddfc8d0, RBP=0x00007b0bbddfc950, RSI=0x00007b0ba0a86a10, RDI=0xe335efae2696a692
R8 =0x00007b0ba0a870dd, R9 =0x00007b0bbe7688a0, R10=0x00007b0ba0a870dc, R11=0x00007b0bbf6bed88
R12=0x0000000000000000, R13=0x00007b0bbddfcac0, R14=0x00007b0bbddfc8e0, R15=0x00007b0bbde05e60
RIP=0x00007b0bbe8749a1, EFLAGS=0x0000000000010246, CSGSFS=0x002b000000000033, ERR=0x0000000000000000
  TRAPNO=0x000000000000000d

XMM[0]=0xe335efae2696a692 0x00007b0bbde05e60
XMM[1]=0x00007b0ba0a87178 0x00007b0ba0a86c20
XMM[2]=0x00007b0ba0a86c84 0x00007b0bbddfddf0
XMM[3]=0x0000000000000000 0x00007b0ba0a86a10
XMM[4]=0x00007b0bbddfdeb8 0x00007b0000000000
XMM[5]=0x0000000000000000 0x00007b0000000000
XMM[6]=0x0000000000000000 0x00007b0bbde05e60
XMM[7]=0x0000000000000000 0xe335efae2696a692
XMM[8]=0x0288392eafc327f9 0xbaed75ee5c52007f
XMM[9]=0x21e53cbc21e53cbc 0x21e53cbc11bb2d5b
XMM[10]=0x0000000000000000 0x00000000efd5f09f
XMM[11]=0xc9b266fbc9b266fb 0xc9b266fbdb6d9456
XMM[12]=0x0000000000000000 0x0000000011bb2d5b
XMM[13]=0x0000000000000000 0x00000000d03be715
XMM[14]=0x0000000000000000 0x8eab406a351c483b
XMM[15]=0x0000000000000000 0x0000000000000000
  MXCSR=0x00001fa2


Register to memory mapping:

RAX=0xe335efae2696a692 is an unknown value
RBX=0x00007b0bbddfca80 is pointing into the stack for thread: 0x00007b0bb801a1b0
RCX=0x000000000000100e is an unknown value
RDX=0x00007b0ba0a86c84 is at entry_point+100 in (nmethod*)0x00007b0ba0a86a10
Compiled method (c1) 1852 1425   !   3       java.security.AccessController::doPrivileged (22 bytes)
 total in heap  [0x00007b0ba0a86a10,0x00007b0ba0a872a8] = 2200
 relocation     [0x00007b0ba0a86b68,0x00007b0ba0a86c08] = 160
 main code      [0x00007b0ba0a86c20,0x00007b0ba0a87050] = 1072
 stub code      [0x00007b0ba0a87050,0x00007b0ba0a870b0] = 96
 metadata       [0x00007b0ba0a870b0,0x00007b0ba0a870d0] = 32
 scopes data    [0x00007b0ba0a870d0,0x00007b0ba0a87178] = 168
 scopes pcs     [0x00007b0ba0a87178,0x00007b0ba0a87248] = 208
 dependencies   [0x00007b0ba0a87248,0x00007b0ba0a87250] = 8
 handler table  [0x00007b0ba0a87250,0x00007b0ba0a87298] = 72
 nul chk table  [0x00007b0ba0a87298,0x00007b0ba0a872a8] = 16
RSP=0x00007b0bbddfc8d0 is pointing into the stack for thread: 0x00007b0bb801a1b0
RBP=0x00007b0bbddfc950 is pointing into the stack for thread: 0x00007b0bb801a1b0
RSI=0x00007b0ba0a86a10 is at entry_point+-528 in (nmethod*)0x00007b0ba0a86a10
Compiled method (c1) 1852 1425   !   3       java.security.AccessController::doPrivileged (22 bytes)
 total in heap  [0x00007b0ba0a86a10,0x00007b0ba0a872a8] = 2200
 relocation     [0x00007b0ba0a86b68,0x00007b0ba0a86c08] = 160
 main code      [0x00007b0ba0a86c20,0x00007b0ba0a87050] = 1072
 stub code      [0x00007b0ba0a87050,0x00007b0ba0a870b0] = 96
 metadata       [0x00007b0ba0a870b0,0x00007b0ba0a870d0] = 32
 scopes data    [0x00007b0ba0a870d0,0x00007b0ba0a87178] = 168
 scopes pcs     [0x00007b0ba0a87178,0x00007b0ba0a87248] = 208
 dependencies   [0x00007b0ba0a87248,0x00007b0ba0a87250] = 8
 handler table  [0x00007b0ba0a87250,0x00007b0ba0a87298] = 72
 nul chk table  [0x00007b0ba0a87298,0x00007b0ba0a872a8] = 16
RDI=0xe335efae2696a692 is an unknown value
R8 =0x00007b0ba0a870dd is at entry_point+1213 in (nmethod*)0x00007b0ba0a86a10
Compiled method (c1) 1852 1425   !   3       java.security.AccessController::doPrivileged (22 bytes)
 total in heap  [0x00007b0ba0a86a10,0x00007b0ba0a872a8] = 2200
 relocation     [0x00007b0ba0a86b68,0x00007b0ba0a86c08] = 160
 main code      [0x00007b0ba0a86c20,0x00007b0ba0a87050] = 1072
 stub code      [0x00007b0ba0a87050,0x00007b0ba0a870b0] = 96
 metadata       [0x00007b0ba0a870b0,0x00007b0ba0a870d0] = 32
 scopes data    [0x00007b0ba0a870d0,0x00007b0ba0a87178] = 168
 scopes pcs     [0x00007b0ba0a87178,0x00007b0ba0a87248] = 208
 dependencies   [0x00007b0ba0a87248,0x00007b0ba0a87250] = 8
 handler table  [0x00007b0ba0a87250,0x00007b0ba0a87298] = 72
 nul chk table  [0x00007b0ba0a87298,0x00007b0ba0a872a8] = 16
R9 =0x00007b0bbe7688a0: <offset 0x00000000005688a0> in /usr/lib/jvm/java-21-openjdk-amd64/lib/server/libjvm.so at 0x00007b0bbe200000
R10=0x00007b0ba0a870dc is at entry_point+1212 in (nmethod*)0x00007b0ba0a86a10
Compiled method (c1) 1852 1425   !   3       java.security.AccessController::doPrivileged (22 bytes)
 total in heap  [0x00007b0ba0a86a10,0x00007b0ba0a872a8] = 2200
 relocation     [0x00007b0ba0a86b68,0x00007b0ba0a86c08] = 160
 main code      [0x00007b0ba0a86c20,0x00007b0ba0a87050] = 1072
 stub code      [0x00007b0ba0a87050,0x00007b0ba0a870b0] = 96
 metadata       [0x00007b0ba0a870b0,0x00007b0ba0a870d0] = 32
 scopes data    [0x00007b0ba0a870d0,0x00007b0ba0a87178] = 168
 scopes pcs     [0x00007b0ba0a87178,0x00007b0ba0a87248] = 208
 dependencies   [0x00007b0ba0a87248,0x00007b0ba0a87250] = 8
 handler table  [0x00007b0ba0a87250,0x00007b0ba0a87298] = 72
 nul chk table  [0x00007b0ba0a87298,0x00007b0ba0a872a8] = 16
R11=0x00007b0bbf6bed88: <offset 0x00000000014bed88> in /usr/lib/jvm/java-21-openjdk-amd64/lib/server/libjvm.so at 0x00007b0bbe200000
R12=0x0 is null
R13=0x00007b0bbddfcac0 is pointing into the stack for thread: 0x00007b0bb801a1b0
R14=0x00007b0bbddfc8e0 is pointing into the stack for thread: 0x00007b0bb801a1b0
R15=0x00007b0bbde05e60: <offset 0x0000000000005e60> in /lib/x86_64-linux-gnu/libstdc++.so.6 at 0x00007b0bbde00000

Top of Stack: (sp=0x00007b0bbddfc8d0)
0x00007b0bbddfc8d0:   0000000000000000 e335efae2696a692
0x00007b0bbddfc8e0:   00007b0bbde05e60 e335efae2696a692
0x00007b0bbddfc8f0:   00007b0ba0a86a10 0000000000000000
0x00007b0bbddfc900:   00007b0000000000 9645b311b028036d
0x00007b0bbddfc910:   00007b0bbde05e60 ffffffff0001a910
0x00007b0bbddfc920:   00007b0bb801ace8 00007b0b3f470b00
0x00007b0bbddfc930:   0000000000000001 00007b0bbddfca80
0x00007b0bbddfc940:   00007b0bb801a1b0 00007b0bb801a1b0
0x00007b0bbddfc950:   00007b0bbddfdd90 00007b0bbebfdfb6
0x00007b0bbddfc960:   00007b0bb801a1b0 00007b0b3f487cb8
0x00007b0bbddfc970:   00007b0bbddf9170 00007b0bbeae1482
0x00007b0bbddfc980:   0000000000000000 00007b0b3f484f88
0x00007b0bbddfc990:   00007b0b3f487cb8 0000000000000001
0x00007b0bbddfc9a0:   00007b0bbddf91a0 00007b0bbed8a1c9
0x00007b0bbddfc9b0:   00000000fffffff2 00000000fffffff2
0x00007b0bbddfc9c0:   00007b0bb801a1b0 00007b0bbddfbc20
0x00007b0bbddfc9d0:   00007b0bbddf9300 00007b0bbed8f997
0x00007b0bbddfc9e0:   00007b0bbddf9310 00007b0bbed8c481
0x00007b0bbddfc9f0:   00007b0bbddf9360 00007b0bbddf9220
0x00007b0bbddfca00:   00007b0b00000001 00007b0bbed8c481
0x00007b0bbddfca10:   00007b0bbddf9200 00007b0bbddf91f0
0x00007b0bbddfca20:   00007b0b3f10c710 00007b0bb801a1b0
0x00007b0bbddfca30:   00007b0b3f10c710 00007b0bb801a1b0
0x00007b0bbddfca40:   00007b0bb801a1b0 00007b0b000000b9
0x00007b0bbddfca50:   00007b0b3f46d800 00007b0bb801a1b0
0x00007b0bbddfca60:   00007b0bbddf9340 00007b0bbe87406f
0x00007b0bbddfca70:   00007b0bbddf92a0 00007b0bbddf9300
0x00007b0bbddfca80:   00007b0bbddfddf0 00007b0ba0a86c84
0x00007b0bbddfca90:   00007b0ba0a86a10 0000000000000000
0x00007b0bbddfcaa0:   00007b0000000000 00007b0bbddfdeb8
0x00007b0bbddfcab0:   00007b0bbddfddf0 00007b0bb801a1b0
0x00007b0bbddfcac0:   00007b0bbddfc9a0 00007b0bbddfc9a4 

Instructions: (pc=0x00007b0bbe8749a1)
0x00007b0bbe8748a1:   89 ea 48 89 de 4c 89 f7 e8 e2 80 12 00 e9 12 fd
0x00007b0bbe8748b1:   ff ff 0f 1f 44 00 00 48 8b bb a0 12 00 00 4c 89
0x00007b0bbe8748c1:   f6 e8 e9 12 83 00 e9 1c fd ff ff 0f 1f 40 00 4c
0x00007b0bbe8748d1:   89 ef e8 08 44 12 00 48 89 c7 48 8d 05 6a ca e8
0x00007b0bbe8748e1:   00 48 63 30 ff 15 55 62 e5 00 49 89 c7 48 8d 05
0x00007b0bbe8748f1:   eb a9 ed 00 48 8b 80 30 01 00 00 48 8b 78 70 48
0x00007b0bbe874901:   85 ff 74 09 ff 15 05 17 e5 00 48 89 c7 48 8d 05
0x00007b0bbe874911:   73 9d e9 00 48 63 30 ff 15 22 62 e5 00 49 39 c7
0x00007b0bbe874921:   74 19 48 8b 83 e8 12 00 00 48 85 c0 0f 84 ce fd
0x00007b0bbe874931:   ff ff 4c 3b 38 0f 85 c5 fd ff ff c7 83 b8 12 00
0x00007b0bbe874941:   00 02 00 00 00 48 83 c4 58 5b 41 5c 41 5d 41 5e
0x00007b0bbe874951:   41 5f 5d c3 0f 1f 00 48 8b b3 a0 12 00 00 4c 89
0x00007b0bbe874961:   f9 48 89 da 4c 89 f7 e8 b3 66 02 00 e9 53 fc ff
0x00007b0bbe874971:   ff 66 0f 1f 44 00 00 f3 41 0f 7e 47 f0 48 8b 45
0x00007b0bbe874981:   88 66 49 0f 6e f7 66 0f 6c c6 66 48 0f 6e f8 0f
0x00007b0bbe874991:   11 45 b8 66 49 0f 6e c7 66 0f 6c c7 0f 29 45 90
0x00007b0bbe8749a1:   81 38 0f 1f 84 00 0f 84 a3 00 00 00 48 8b 7d 88
0x00007b0bbe8749b1:   e8 2a 82 fc ff 48 c7 45 a8 00 00 00 00 48 89 45
0x00007b0bbe8749c1:   a0 48 89 c7 c6 45 b4 00 48 85 c0 0f 84 ae fe ff
0x00007b0bbe8749d1:   ff 80 7f 5d 00 0f 84 a4 fe ff ff 48 8b 45 98 48
0x00007b0bbe8749e1:   8b 97 80 00 00 00 48 39 d0 74 14 80 7f 5e 03 74
0x00007b0bbe8749f1:   36 48 3b 87 88 00 00 00 0f 85 81 fe ff ff 90 48
0x00007b0bbe874a01:   8d 75 90 e8 97 5e 00 00 48 8b 00 48 85 c0 0f 84
0x00007b0bbe874a11:   46 03 00 00 48 89 45 98 c7 45 b0 01 00 00 00 e9
0x00007b0bbe874a21:   a0 fb ff ff 0f 1f 00 48 83 c2 05 48 39 d0 74 cf
0x00007b0bbe874a31:   48 8b 97 88 00 00 00 48 39 c2 74 c3 48 83 c2 05
0x00007b0bbe874a41:   48 39 d0 0f 85 36 fe ff ff eb b4 0f 1f 40 00 8b
0x00007b0bbe874a51:   40 04 85 c0 0f 84 52 ff ff ff 48 8b 7d 88 25 ff
0x00007b0bbe874a61:   ff ff 00 48 c7 45 a8 00 00 00 00 c6 45 b4 00 48
0x00007b0bbe874a71:   29 c7 48 89 7d a0 e9 56 ff ff ff 0f 1f 40 00 44
0x00007b0bbe874a81:   8b a7 c0 12 00 00 45 85 e4 0f 84 a5 fa ff ff 44
0x00007b0bbe874a91:   89 a7 bc 12 00 00 4c 8b 6f 10 0f 8e 2f 02 00 00 


Stack slot to memory mapping:

stack at sp + 0 slots: 0x0 is null
stack at sp + 1 slots: 0xe335efae2696a692 is an unknown value
stack at sp + 2 slots: 0x00007b0bbde05e60: <offset 0x0000000000005e60> in /lib/x86_64-linux-gnu/libstdc++.so.6 at 0x00007b0bbde00000
stack at sp + 3 slots: 0xe335efae2696a692 is an unknown value
stack at sp + 4 slots: 0x00007b0ba0a86a10 is at entry_point+-528 in (nmethod*)0x00007b0ba0a86a10
Compiled method (c1) 1853 1425   !   3       java.security.AccessController::doPrivileged (22 bytes)
 total in heap  [0x00007b0ba0a86a10,0x00007b0ba0a872a8] = 2200
 relocation     [0x00007b0ba0a86b68,0x00007b0ba0a86c08] = 160
 main code      [0x00007b0ba0a86c20,0x00007b0ba0a87050] = 1072
 stub code      [0x00007b0ba0a87050,0x00007b0ba0a870b0] = 96
 metadata       [0x00007b0ba0a870b0,0x00007b0ba0a870d0] = 32
 scopes data    [0x00007b0ba0a870d0,0x00007b0ba0a87178] = 168
 scopes pcs     [0x00007b0ba0a87178,0x00007b0ba0a87248] = 208
 dependencies   [0x00007b0ba0a87248,0x00007b0ba0a87250] = 8
 handler table  [0x00007b0ba0a87250,0x00007b0ba0a87298] = 72
 nul chk table  [0x00007b0ba0a87298,0x00007b0ba0a872a8] = 16
stack at sp + 5 slots: 0x0 is null
stack at sp + 6 slots: 0x00007b0000000000 is an unknown value
stack at sp + 7 slots: 0x9645b311b028036d is an unknown value


Compiled method (n/a) 1854  242     n 0       jdk.internal.reflect.Reflection::getCallerClass (native)
 total in heap  [0x00007b0ba82dde90,0x00007b0ba82de3e8] = 1368
 relocation     [0x00007b0ba82ddfe8,0x00007b0ba82de020] = 56
 main code      [0x00007b0ba82de020,0x00007b0ba82de3e7] = 967
 stub code      [0x00007b0ba82de3e7,0x00007b0ba82de3e8] = 1

[Constant Pool (empty)]

[MachCode]
[Entry Point]
  # {method} {0x00007b0b3f098988} 'getCallerClass' '()Ljava/lang/Class;' in 'jdk/internal/reflect/Reflection'
  #           [sp+0x50]  (sp of caller)
  0x00007b0ba82de020: 448b 5608 | 49bb 0000 | 003f 0b7b | 0000 4d03 | d349 3bc2 | 0f84 0600 

  0x00007b0ba82de038: ;   {runtime_call ic_miss_stub}
  0x00007b0ba82de038: 0000 e941 | 70aa ff90 
[Verified Entry Point]
  0x00007b0ba82de040: 8984 2400 | c0fe ff55 | 488b ec48 | 83ec 4090 | 4181 7f20 | 0100 0000 

  0x00007b0ba82de058: ;   {runtime_call StubRoutines (final stubs)}
  0x00007b0ba82de058: 7405 e841 

  0x00007b0ba82de05c: ;   {oop(a 'java/lang/Class'{0x00000007ffe85e08} = 'jdk/internal/reflect/Reflection')}
  0x00007b0ba82de05c: d4a8 ff49 | be08 5ee8 | ff07 0000 | 004c 8974 | 2430 4c8d | 7424 3049 | 8bf6 c5f8 

  0x00007b0ba82de078: ;   {internal_word}
  0x00007b0ba82de078: 7749 ba76 | e02d a80b | 7b00 004d | 8997 a803 | 0000 4989 | a7a0 0300 

  0x00007b0ba82de090: ;   {external_word}
  0x00007b0ba82de090: 0080 3d3d | e042 1700 | 0f84 3000 

  0x00007b0ba82de09c: ;   {metadata({method} {0x00007b0b3f098988} 'getCallerClass' '()Ljava/lang/Class;' in 'jdk/internal/reflect/Reflection')}
  0x00007b0ba82de09c: 0000 5648 | be88 8909 | 3f0b 7b00 | 0049 8bff | 40f6 c40f | 0f84 1200 | 0000 4883 

  0x00007b0ba82de0b8: ;   {runtime_call SharedRuntime::dtrace_method_entry(JavaThread*, Method*)}
  0x00007b0ba82de0b8: ec08 e8a1 | 60ce 1648 | 83c4 08e9 | 0500 0000 

  0x00007b0ba82de0c8: ;   {runtime_call SharedRuntime::dtrace_method_entry(JavaThread*, Method*)}
  0x00007b0ba82de0c8: e893 60ce | 165e 498d | bfc0 0300 | 0041 c787 | 4c04 0000 | 0400 0000 

  0x00007b0ba82de0e0: ;   {runtime_call Java_jdk_internal_reflect_Reflection_getCallerClass}
  0x00007b0ba82de0e0: e8ab 3578 | 17c5 f877 | 41c7 874c | 0400 0005 | 0000 00f0 | 8344 24c0 | 0049 3baf | 5004 0000 
  0x00007b0ba82de100: 0f87 0e00 | 0000 4183 | bf48 0400 | 0000 0f84 | 2400 0000 | c5f8 7748 | 8945 f849 | 8bff 4c8b 
  0x00007b0ba82de120: e448 83ec | 0048 83e4 

  0x00007b0ba82de128: ;   {runtime_call JavaThread::check_special_condition_for_native_trans(JavaThread*)}
  0x00007b0ba82de128: f0e8 d2e9 | 8416 498b | e44d 33e4 | 488b 45f8 | 41c7 874c | 0400 0008 | 0000 0041 | 83bf c804 
  0x00007b0ba82de148: 0000 020f | 8470 0200 

  0x00007b0ba82de150: ;   {external_word}
  0x00007b0ba82de150: 0080 3d7d | df42 1700 | 0f84 3600 | 0000 4889 

  0x00007b0ba82de160: ;   {metadata({method} {0x00007b0b3f098988} 'getCallerClass' '()Ljava/lang/Class;' in 'jdk/internal/reflect/Reflection')}
  0x00007b0ba82de160: 45f8 48be | 8889 093f | 0b7b 0000 | 498b ff40 | f6c4 0f0f | 8412 0000 | 0048 83ec 

  0x00007b0ba82de17c: ;   {runtime_call SharedRuntime::dtrace_method_exit(JavaThread*, Method*)}
  0x00007b0ba82de17c: 08e8 ce60 | ce16 4883 | c408 e905 

  0x00007b0ba82de188: ;   {runtime_call SharedRuntime::dtrace_method_exit(JavaThread*, Method*)}
  0x00007b0ba82de188: 0000 00e8 | c060 ce16 | 488b 45f8 | 49c7 87a0 | 0300 0000 | 0000 0049 | c787 a803 | 0000 0000 
  0x00007b0ba82de1a8: 0000 c5f8 | 7748 85c0 | 0f84 e801 | 0000 a803 | 0f85 0800 | 0000 488b | 00e9 d801 | 0000 a801 
  0x00007b0ba82de1c8: 0f85 0900 | 0000 488b | 40fe e9c7 | 0100 0048 | 8b40 ff41 | 807f 4000 | 0f84 b801 | 0000 4883 
  0x00007b0ba82de1e8: f800 0f84 | ae01 0000 | 498b 4f28 | 4883 f900 | 0f84 1400 | 0000 4883 | e908 4989 | 4f28 4903 
  0x00007b0ba82de208: 4f38 4889 | 01e9 8c01 | 0000 4881 | ecd0 0000 | 0048 8904 | 2448 894c | 2408 4889 | 5424 1048 
  0x00007b0ba82de228: 8974 2418 | 4889 7c24 | 204c 8944 | 2428 4c89 | 4c24 304c | 8954 2438 | 4c89 5c24 | 40c5 fb11 
  0x00007b0ba82de248: 4424 50c5 | fb11 4c24 | 58c5 fb11 | 5424 60c5 | fb11 5c24 | 68c5 fb11 | 6424 70c5 | fb11 6c24 
  0x00007b0ba82de268: 78c5 fb11 | b424 8000 | 0000 c5fb | 11bc 2488 | 0000 00c5 | 7b11 8424 | 9000 0000 | c57b 118c 
  0x00007b0ba82de288: ;   {no_reloc}
  0x00007b0ba82de288: 2498 0000 | 00c5 7b11 | 9424 a000 | 0000 c57b | 119c 24a8 | 0000 00c5 | 7b11 a424 | b000 0000 
  0x00007b0ba82de2a8: c57b 11ac | 24b8 0000 | 00c5 7b11 | b424 c000 | 0000 c57b | 11bc 24c8 | 0000 0049 | 8bf7 488b 
  0x00007b0ba82de2c8: f840 f6c4 | 0f0f 8412 | 0000 0048 

  0x00007b0ba82de2d4: ;   {runtime_call G1BarrierSetRuntime::write_ref_field_pre_entry(oopDesc*, JavaThread*)}
  0x00007b0ba82de2d4: 83ec 08e8 | 14a6 6d16 | 4883 c408 | e905 0000 

  0x00007b0ba82de2e4: ;   {runtime_call G1BarrierSetRuntime::write_ref_field_pre_entry(oopDesc*, JavaThread*)}
  0x00007b0ba82de2e4: 00e8 06a6 | 6d16 c57b | 10bc 24c8 | 0000 00c5 | 7b10 b424 | c000 0000 | c57b 10ac | 24b8 0000 
  0x00007b0ba82de304: 00c5 7b10 | a424 b000 | 0000 c57b | 109c 24a8 | 0000 00c5 | 7b10 9424 | a000 0000 | c57b 108c 
  0x00007b0ba82de324: 2498 0000 | 00c5 7b10 | 8424 9000 | 0000 c5fb | 10bc 2488 | 0000 00c5 | fb10 b424 | 8000 0000 
  0x00007b0ba82de344: c5fb 106c | 2478 c5fb | 1064 2470 | c5fb 105c | 2468 c5fb | 1054 2460 | c5fb 104c | 2458 c5fb 
  0x00007b0ba82de364: 1044 2450 | 4c8b 5c24 | 404c 8b54 | 2438 4c8b | 4c24 304c | 8b44 2428 | 488b 7c24 | 2048 8b74 
  0x00007b0ba82de384: 2418 488b | 5424 1048 | 8b4c 2408 | 488b 0424 | 4881 c4d0 | 0000 00c5 | f877 498b | 8f30 0400 
  0x00007b0ba82de3a4: 00c7 8100 | 0100 0000 | 0000 00c9 | 4983 7f08 | 000f 8501 | 0000 00c3 

  0x00007b0ba82de3bc: ;   {runtime_call StubRoutines (initial stubs)}
  0x00007b0ba82de3bc: e93f 98a5 | ffc5 f877 | 4889 45f8 | 4c8b e448 | 83ec 0048 

  0x00007b0ba82de3d0: ;   {runtime_call SharedRuntime::reguard_yellow_pages()}
  0x00007b0ba82de3d0: 83e4 f0e8 | e86d ce16 | 498b e44d | 33e4 488b | 45f8 e96a | fdff fff4 
[/MachCode]


Compiled method (c1) 1860 1425   !   3       java.security.AccessController::doPrivileged (22 bytes)
 total in heap  [0x00007b0ba0a86a10,0x00007b0ba0a872a8] = 2200
 relocation     [0x00007b0ba0a86b68,0x00007b0ba0a86c08] = 160
 main code      [0x00007b0ba0a86c20,0x00007b0ba0a87050] = 1072
 stub code      [0x00007b0ba0a87050,0x00007b0ba0a870b0] = 96
 metadata       [0x00007b0ba0a870b0,0x00007b0ba0a870d0] = 32
 scopes data    [0x00007b0ba0a870d0,0x00007b0ba0a87178] = 168
 scopes pcs     [0x00007b0ba0a87178,0x00007b0ba0a87248] = 208
 dependencies   [0x00007b0ba0a87248,0x00007b0ba0a87250] = 8
 handler table  [0x00007b0ba0a87250,0x00007b0ba0a87298] = 72
 nul chk table  [0x00007b0ba0a87298,0x00007b0ba0a872a8] = 16

[Constant Pool (empty)]

[MachCode]
[Verified Entry Point]
  # {method} {0x00007b0b3f470b00} 'doPrivileged' '(Ljava/security/PrivilegedExceptionAction;)Ljava/lang/Object;' in 'java/security/AccessController'
  # parm0:    rsi:rsi   = 'java/security/PrivilegedExceptionAction'
  #           [sp+0x8070]  (sp of caller)
  0x00007b0ba0a86c20: 8984 2400 | c0fe ff55 | 4883 ec60 | 4181 7f20 | 0100 0000 

  0x00007b0ba0a86c34: ;   {runtime_call StubRoutines (final stubs)}
  0x00007b0ba0a86c34: 7405 e865 

  0x00007b0ba0a86c38: ;   {metadata(method data for {method} {0x00007b0b3f470b00} 'doPrivileged' '(Ljava/security/PrivilegedExceptionAction;)Ljava/lang/Object;' in 'java/security/AccessController')}
  0x00007b0ba0a86c38: 482e 0748 | bfb0 a624 | 3b0b 7b00 | 008b 9ff4 | 0040 0083 | c302 899f | f400 0000 | 81e3 fe07 
  0x00007b0ba0a86c58: 0000 85db | 0f84 dc02 | 0000 4889 

  0x00007b0ba0a86c64: ;   {metadata(method data for {method} {0x00007b0b3f470b00} 'doPrivileged' '(Ljava/security/PrivilegedExceptionAction;)Ljava/lang/Object;' in 'java/security/AccessController')}
  0x00007b0ba0a86c64: 7424 4048 | bfb0 a624 | 3b0b 7b00 | 0048 8387 | 3801 0000 | 0166 0f1f 

  0x00007b0ba0a86c7c: ;   {static_call}
  0x00007b0ba0a86c7c: 4400 00e8 

  0x00007b0ba0a86c80: ; ImmutableOopMap {[64]=Oop }
                      ;*invokestatic getCallerClass {reexecute=0 rethrow=0 return_oop=0}
                      ; - java.security.AccessController::doPrivileged@2 (line 569)
  0x00007b0ba0a86c80: bc73 8507 

  0x00007b0ba0a86c84: ;   {other}
  0x00007b0ba0a86c84: 0f1f 8400 | 7402 0000 

  0x00007b0ba0a86c8c: ;   {metadata(method data for {method} {0x00007b0b3f470b00} 'doPrivileged' '(Ljava/security/PrivilegedExceptionAction;)Ljava/lang/Object;' in 'java/security/AccessController')}
  0x00007b0ba0a86c8c: 48be b0a6 | 243b 0b7b | 0000 4883 | 8648 0100 

  0x00007b0ba0a86c9c: ;   {metadata(method data for {method} {0x00007b0b3f470e38} 'executePrivileged' '(Ljava/security/PrivilegedExceptionAction;Ljava/security/AccessControlContext;Ljava/lang/Class;)Ljava/lang/Object;' in 'java/security/AccessController')}
  0x00007b0ba0a86c9c: 0001 48be | b8f8 173b | 0b7b 0000 | 8bbe f400 | 0000 83c7 | 0289 bef4 | 0000 0081 | e7fe ff1f 
  0x00007b0ba0a86cbc: 0085 ff0f | 849a 0200 

  0x00007b0ba0a86cc4: ;   {metadata(method data for {method} {0x00007b0b3f470e38} 'executePrivileged' '(Ljava/security/PrivilegedExceptionAction;Ljava/security/AccessControlContext;Ljava/lang/Class;)Ljava/lang/Object;' in 'java/security/AccessController')}
  0x00007b0ba0a86cc4: 0048 beb8 | f817 3b0b | 7b00 00ff | 8638 0100 

  0x00007b0ba0a86cd4: ;   {metadata(method data for {method} {0x00007b0b3f470e38} 'executePrivileged' '(Ljava/security/PrivilegedExceptionAction;Ljava/security/AccessControlContext;Ljava/lang/Class;)Ljava/lang/Object;' in 'java/security/AccessController')}
  0x00007b0ba0a86cd4: 0048 beb8 | f817 3b0b | 7b00 00ff | 8668 0100 | 0048 8944 | 2448 488b | 7424 4048 | 3b06 488b 
  0x00007b0ba0a86cf4: ;   {metadata(method data for {method} {0x00007b0b3f470e38} 'executePrivileged' '(Ljava/security/PrivilegedExceptionAction;Ljava/security/AccessControlContext;Ljava/lang/Class;)Ljava/lang/Object;' in 'java/security/AccessController')}
  0x00007b0ba0a86cf4: fe48 bbb8 | f817 3b0b | 7b00 008b | 7f08 49ba | 0000 003f | 0b7b 0000 | 4903 fa48 | 3bbb d801 
  0x00007b0ba0a86d14: 0000 750d | 4883 83e0 | 0100 0001 | e960 0000 | 0048 3bbb | e801 0000 | 750d 4883 | 83f0 0100 
  0x00007b0ba0a86d34: 0001 e94a | 0000 0048 | 83bb d801 | 0000 0075 | 1748 89bb | d801 0000 | 48c7 83e0 | 0110 0001 
  0x00007b0ba0a86d54: 0000 00e9 | 2900 0000 | 4883 bbe8 | 0100 0000 | 7517 4889 | bbe8 0100 | 0048 c783 | f001 0000 
  0x00007b0ba0a86d74: 0100 0000 | e908 0000 | 0048 8383 | c801 0000 | 0148 b870 | 238c b80b 

  0x00007b0ba0a86d8c: ;   {virtual_call}
  0x00007b0ba0a86d8c: 7b00 00e8 

  0x00007b0ba0a86d90: ; ImmutableOopMap {[72]=Oop }
                      ;*invokeinterface run {reexecute=0 rethrow=0 return_oop=0}
                      ; - java.security.AccessController::executePrivileged@29 (line 809)
                      ; - java.security.AccessController::doPrivileged@9 (line 571)
  0x00007b0ba0a86d90: acba 3c07 

  0x00007b0ba0a86d94: ;   {other}
  0x00007b0ba0a86d94: 0f1f 8400 | 8403 0001 

  0x00007b0ba0a86d9c: ;   {metadata(method data for {method} {0x00007b0b3f470e38} 'executePrivileged' '(Ljava/security/PrivilegedExceptionAction;Ljava/security/AccessControlContext;Ljava/lang/Class;)Ljava/lang/Object;' in 'java/security/AccessController')}
  0x00007b0ba0a86d9c: 48ba b8f8 | 173b 0b7b | 0000 ff82 | 0002 0000 | 488b 5424 

  0x00007b0ba0a86db0: ;   {metadata(method data for {method} {0x00007b0b3f470e38} 'executePrivileged' '(Ljava/security/PrivilegedExceptionAction;Ljava/security/AccessControlContext;Ljava/lang/Class;)Ljava/lang/Object;' in 'java/security/AccessController')}
  0x00007b0ba0a86db0: 4848 beb8 | f817 3b0b | 7b00 0048 | 8386 6002 

  0x00007b0ba0a86dc0: ;   {metadata(method data for {method} {0x00007b0b3f03e8d8} 'reachabilityFence' '(Ljava/lang/Object;)V' in 'java/lang/ref/Reference')}
  0x00007b0ba0a86dc0: 0000 0148 | bed8 ce08 | 3b0b 7b00 | 008b bef4 | 0000 0083 | c702 89be | f400 0000 | 81e7 feff 
  0x00007b0ba0a86de0: 1f00 85ff | 0f84 9b01 

  0x00007b0ba0a86de8: ;   {metadata(method data for {method} {0x00007b0b3f470e38} 'executePrivileged' '(Ljava/security/PrivilegedExceptionAction;Ljava/security/AccessControlContext;Ljava/lang/Class;)Ljava/lang/Object;' in 'java/security/AccessController')}
  0x00007b0ba0a86de8: 0000 48ba | b8f8 173b | 0b7b 0000 | 4883 8270 | 0200 0001 

  0x00007b0ba0a86dfc: ;   {metadata(method data for {method} {0x00007b0b3f03e8d8} 'reachabilityFence' '(Ljava/lang/Object;)V' in 'java/lang/ref/Reference')}
  0x00007b0ba0a86dfc: 48ba d8ce | 083b 0b7b | 0000 8bb2 | f400 0000 | 83c6 0289 | b2f4 0000 | 0081 e6fe | ff1f 0085 
  0x00007b0ba0a86e1c: f60f 8483 | 0100 0048 | 83c4 605d | 493b a7d8 | 0400 000f | 823d 0000 | 0049 8bff | 40f6 c40f 
  0x00007b0ba0a86e3c: 0f84 1200 | 0000 4883 

  0x00007b0ba0a86e44: ;   {runtime_call SharedRuntime::enable_stack_reserved_zone(JavaThread*)}
  0x00007b0ba0a86e44: ec08 e8f5 | ff53 1e48 | 83c4 08e9 | 0500 0000 

  0x00007b0ba0a86e54: ;   {runtime_call SharedRuntime::enable_stack_reserved_zone(JavaThread*)}
  0x00007b0ba0a86e54: e8e7 ff53 

  0x00007b0ba0a86e58: ;   {runtime_call delayed StackOverflowError throw_exception}
  0x00007b0ba0a86e58: 1ee9 2264 

  0x00007b0ba0a86e5c: ;   {external_word}
  0x00007b0ba0a86e5c: 2b07 48bf | 4f11 32bf | 0b7b 0000 | 4883 e4f0 

  0x00007b0ba0a86e6c: ;   {runtime_call MacroAssembler::debug64(char*, long, long*)}
  0x00007b0ba0a86e6c: e80f 5837 

  0x00007b0ba0a86e70: ;   {poll_return}
  0x00007b0ba0a86e70: 1ef4 493b | a750 0400 | 000f 8748 | 0100 00c3 | 498b 8700 | 0500 004d | 33d2 4d89 | 9700 0500 
  0x00007b0ba0a86e90: 004d 33d2 | 4d89 9708 | 0500 0048 

  0x00007b0ba0a86e9c: ;   {metadata(method data for {method} {0x00007b0b3f470b00} 'doPrivileged' '(Ljava/security/PrivilegedExceptionAction;)Ljava/lang/Object;' in 'java/security/AccessController')}
  0x00007b0ba0a86e9c: 8bf0 48ba | b0a6 243b | 0b7b 0000 | 4883 8258 | 0100 0001 

  0x00007b0ba0a86eb0: ;   {metadata(method data for {method} {0x00007b0b3f470770} 'wrapException' '(Ljava/lang/Exception;)Ljava/security/PrivilegedActionException;' in 'java/security/AccessController')}
  0x00007b0ba0a86eb0: 48ba f004 | 183b 0b7b | 0000 8b82 | f400 0000 | 83c0 0289 | 82f4 0000 | 0025 feff | 1f00 85c0 
  0x00007b0ba0a86ed0: 0f84 0701 | 0000 6690 

  0x00007b0ba0a86ed8: ;   {no_reloc}
  0x00007b0ba0a86ed8: e930 0100 | 0000 0000 | 0000 e930 | 0100 0048 

  0x00007b0ba0a86ee8: ;   {metadata(method data for {method} {0x00007b0b3f470770} 'wrapException' '(Ljava/lang/Exception;)Ljava/security/PrivilegedActionException;' in 'java/security/AccessController')}
  0x00007b0ba0a86ee8: 8bd0 48bf | f004 183b | 0b7b 0000 | 4883 8738 | 0100 0001 | 488b d648 | 8bf0 4889 

  0x00007b0ba0a86f04: ;   {optimized virtual_call}
  0x00007b0ba0a86f04: 4424 50e8 

  0x00007b0ba0a86f08: ; ImmutableOopMap {[80]=Oop }
                      ;*invokespecial <init> {reexecute=0 rethrow=0 return_oop=0}
                      ; - java.security.AccessController::wrapException@5 (line 830)
                      ; - java.security.AccessController::doPrivileged@18 (line 575)
  0x00007b0ba0a86f08: 74e4 2f07 

  0x00007b0ba0a86f0c: ;   {other}
  0x00007b0ba0a86f0c: 0f1f 8400 | fc04 0002 | 488b 4424 | 50e9 2301 | 0000 498b | 8700 0500 | 004d 33d2 | 4d89 9700 
  0x00007b0ba0a86f2c: 0500 004d | 33d2 4d89 | 9708 0500 | 00e9 0301 

  0x00007b0ba0a86f3c: ;   {metadata({method} {0x00007b0b3f470b00} 'doPrivileged' '(Ljava/security/PrivilegedExceptionAction;)Ljava/lang/Object;' in 'java/security/AccessController')}
  0x00007b0ba0a86f3c: 0000 49ba | 000b 473f | 0b7b 0000 | 4c89 5424 | 0848 c704 | 24ff ffff 

  0x00007b0ba0a86f54: ;   {runtime_call counter_overflow Runtime1 stub}
  0x00007b0ba0a86f54: ffe8 2633 

  0x00007b0ba0a86f58: ; ImmutableOopMap {rsi=Oop }
                      ;*synchronization entry
                      ; - java.security.AccessController::doPrivileged@-1 (line 568)
  0x00007b0ba0a86f58: 3c07 e903 

  0x00007b0ba0a86f5c: ;   {metadata({method} {0x00007b0b3f470e38} 'executePrivileged' '(Ljava/security/PrivilegedExceptionAction;Ljava/security/AccessControlContext;Ljava/lang/Class;)Ljava/lang/Object;' in 'java/security/AccessController')}
  0x00007b0ba0a86f5c: fdff ff49 | ba38 0e47 | 3f0b 7b00 | 004c 8954 | 2408 48c7 | 0424 ffff 

  0x00007b0ba0a86f74: ;   {runtime_call counter_overflow Runtime1 stub}
  0x00007b0ba0a86f74: ffff e805 

  0x00007b0ba0a86f78: ; ImmutableOopMap {rax=Oop [64]=Oop }
                      ;*synchronization entry
                      ; - java.security.AccessController::executePrivileged@-1 (line 804)
                      ; - java.security.AccessController::doPrivileged@9 (line 571)
  0x00007b0ba0a86f78: 333c 07e9 | 45fd ffff 

  0x00007b0ba0a86f80: ;   {runtime_call throw_null_pointer_exception Runtime1 stub}
  0x00007b0ba0a86f80: e87b cd3b 

  0x00007b0ba0a86f84: ; ImmutableOopMap {rsi=Oop [72]=Oop }
                      ;*invokeinterface run {reexecute=0 rethrow=0 return_oop=0}
                      ; - java.security.AccessController::executePrivileged@29 (line 809)
                      ; - java.security.AccessController::doPrivileged@9 (line 571)
                      ;   {metadata({method} {0x00007b0b3f03e8d8} 'reachabilityFence' '(Ljava/lang/Object;)V' in 'java/lang/ref/Reference')}
  0x00007b0ba0a86f84: 0749 bad8 | e803 3f0b | 7b00 004c | 8954 2408 | 48c7 0424 | ffff ffff 

  0x00007b0ba0a86f9c: ;   {runtime_call counter_overflow Runtime1 stub}
  0x00007b0ba0a86f9c: e8df 323c 

  0x00007b0ba0a86fa0: ; ImmutableOopMap {rax=Oop rdx=Oop }
                      ;*synchronization entry
                      ; - java.lang.ref.Reference::reachabilityFence@-1 (line 628)
                      ; - java.security.AccessController::executePrivileged@56 (line 814)
                      ; - java.security.AccessController::doPrivileged@9 (line 571)
  0x00007b0ba0a86fa0: 07e9 44fe 

  0x00007b0ba0a86fa4: ;   {metadata({method} {0x00007b0b3f03e8d8} 'reachabilityFence' '(Ljava/lang/Object;)V' in 'java/lang/ref/Reference')}
  0x00007b0ba0a86fa4: ffff 49ba | d8e8 033f | 0b7b 0000 | 4c89 5424 | 0848 c704 | 24ff ffff 

  0x00007b0ba0a86fbc: ;   {runtime_call counter_overflow Runtime1 stub}
  0x00007b0ba0a86fbc: ffe8 be32 

  0x00007b0ba0a86fc0: ; ImmutableOopMap {rax=Oop }
                      ;*synchronization entry
                      ; - java.lang.ref.Reference::reachabilityFence@-1 (line 628)
                      ; - java.security.AccessController::executePrivileged@60 (line 815)
                      ; - java.security.AccessController::doPrivileged@9 (line 571)
  0x00007b0ba0a86fc0: 3c07 e95c 

  0x00007b0ba0a86fc4: ;   {internal_word}
  0x00007b0ba0a86fc4: feff ff49 | ba72 6ea8 | a00b 7b00 | 004d 8997 | 6804 0000 

  0x00007b0ba0a86fd8: ;   {runtime_call SafepointBlob}
  0x00007b0ba0a86fd8: e923 5030 

  0x00007b0ba0a86fdc: ;   {metadata({method} {0x00007b0b3f470770} 'wrapException' '(Ljava/lang/Exception;)Ljava/security/PrivilegedActionException;' in 'java/security/AccessController')}
  0x00007b0ba0a86fdc: 0749 ba70 | 0747 3f0b | 7b00 004c | 8954 2408 | 48c7 0424 | ffff ffff 

  0x00007b0ba0a86ff4: ;   {runtime_call counter_overflow Runtime1 stub}
  0x00007b0ba0a86ff4: e887 323c 

  0x00007b0ba0a86ff8: ; ImmutableOopMap {rsi=Oop }
                      ;*synchronization entry
                      ; - java.security.AccessController::wrapException@-1 (line 830)
                      ; - java.security.AccessController::doPrivileged@18 (line 575)
  0x00007b0ba0a86ff8: 07e9 d8fe 

  0x00007b0ba0a86ffc: ;   {metadata(nullptr)}
  0x00007b0ba0a86ffc: ffff 48ba | 0000 0000 | 0000 0000 | b800 0f05 

  0x00007b0ba0a8700c: ;   {runtime_call load_klass_patching Runtime1 stub}
  0x00007b0ba0a8700c: 0ae8 6e1a 

  0x00007b0ba0a87010: ; ImmutableOopMap {rsi=Oop }
                      ;*new {reexecute=1 rethrow=0 return_oop=0}
                      ; - (reexecute) java.security.AccessController::wrapException@0 (line 830)
                      ; - java.security.AccessController::doPrivileged@18 (line 575)
  0x00007b0ba0a87010: 3c07 e9c1 | feff ff48 

  0x00007b0ba0a87018: ;   {runtime_call new_instance Runtime1 stub}
  0x00007b0ba0a87018: 8bd2 e8e1 

  0x00007b0ba0a8701c: ; ImmutableOopMap {rsi=Oop }
                      ;*new {reexecute=0 rethrow=0 return_oop=0}
                      ; - java.security.AccessController::wrapException@0 (line 830)
                      ; - java.security.AccessController::doPrivileged@18 (line 575)
  0x00007b0ba0a8701c: d23b 07e9 | c3fe ffff | 498b 8700 | 0500 0049 | c787 0005 | 0000 0000 | 0000 49c7 | 8708 0500 
  0x00007b0ba0a8703c: 0000 0000 | 0048 83c4 

  0x00007b0ba0a87044: ;   {runtime_call unwind_exception Runtime1 stub}
  0x00007b0ba0a87044: 605d e9b5 | bd3b 07f4 | f4f4 f4f4 
[Stub Code]
  0x00007b0ba0a87050: ;   {no_reloc}
  0x00007b0ba0a87050: 0f1f 4400 

  0x00007b0ba0a87054: ;   {static_stub}
  0x00007b0ba0a87054: 0048 bb00 | 0000 0000 

  0x00007b0ba0a8705c: ;   {runtime_call nmethod}
  0x00007b0ba0a8705c: 0000 00e9 | fbff ffff 

  0x00007b0ba0a87064: ;   {static_stub}
  0x00007b0ba0a87064: 9048 bb00 | 0000 0000 

  0x00007b0ba0a8706c: ;   {runtime_call nmethod}
  0x00007b0ba0a8706c: 0000 00e9 | fbff ffff 

  0x00007b0ba0a87074: ;   {static_stub}
  0x00007b0ba0a87074: 48bb 0000 | 0000 0000 

  0x00007b0ba0a8707c: ;   {runtime_call nmethod}
  0x00007b0ba0a8707c: 0000 e9fb 

  0x00007b0ba0a87080: ;   {runtime_call handle_exception_from_callee Runtime1 stub}
  0x00007b0ba0a87080: ffff ffe8 | f8ee 3b07 

  0x00007b0ba0a87088: ;   {external_word}
  0x00007b0ba0a87088: 48bf 4f11 | 32bf 0b7b | 0000 4883 

  0x00007b0ba0a87094: ;   {runtime_call MacroAssembler::debug64(char*, long, long*)}
  0x00007b0ba0a87094: e4f0 e8e5 | 5537 1ef4 
[Deopt Handler Code]
  0x00007b0ba0a8709c: ;   {section_word}
  0x00007b0ba0a8709c: 49ba 9c70 | a8a0 0b7b | 0000 4152 

  0x00007b0ba0a870a8: ;   {runtime_call DeoptimizationBlob}
  0x00007b0ba0a870a8: e9f3 4130 | 07f4 f4f4 
[/MachCode]


[error occurred during error reporting (printing code blobs if possible), id 0xb, SIGSEGV (0xb) at pc=0x00007b0bbec450b5]

---------------  P R O C E S S  ---------------

Threads class SMR info:
_java_thread_list=0x00007b0bb895fe90, length=13, elements={
0x00007b0bb801a1b0, 0x00007b0bb815d9c0, 0x00007b0bb815ef40, 0x00007b0bb81606e0,
0x00007b0bb8161d30, 0x00007b0bb81632e0, 0x00007b0bb8164e30, 0x00007b0bb8166500,
0x00007b0bb819f1f0, 0x00007b0bb81a2610, 0x00007b0b14370050, 0x00007b0b14284a80,
0x00007b0bb895df70
}

Java Threads: ( => current thread )
=>0x00007b0bb801a1b0 JavaThread "main"                              [_thread_in_vm, id=133647, stack(0x00007b0bbdd00000,0x00007b0bbde00000) (1024K)]
  0x00007b0bb815d9c0 JavaThread "Reference Handler"          daemon [_thread_blocked, id=133655, stack(0x00007b0b8d9fb000,0x00007b0b8dafb000) (1024K)]
  0x00007b0bb815ef40 JavaThread "Finalizer"                  daemon [_thread_blocked, id=133656, stack(0x00007b0b8cb00000,0x00007b0b8cc00000) (1024K)]
  0x00007b0bb81606e0 JavaThread "Signal Dispatcher"          daemon [_thread_blocked, id=133657, stack(0x00007b0b8ca00000,0x00007b0b8cb00000) (1024K)]
  0x00007b0bb8161d30 JavaThread "Service Thread"             daemon [_thread_blocked, id=133658, stack(0x00007b0b8c900000,0x00007b0b8ca00000) (1024K)]
  0x00007b0bb81632e0 JavaThread "Monitor Deflation Thread"   daemon [_thread_blocked, id=133659, stack(0x00007b0b8c800000,0x00007b0b8c900000) (1024K)]
  0x00007b0bb8164e30 JavaThread "C2 CompilerThread0"         daemon [_thread_blocked, id=133660, stack(0x00007b0b8c700000,0x00007b0b8c800000) (1024K)]
  0x00007b0bb8166500 JavaThread "C1 CompilerThread0"         daemon [_thread_blocked, id=133661, stack(0x00007b0b8c600000,0x00007b0b8c700000) (1024K)]
  0x00007b0bb819f1f0 JavaThread "Notification Thread"        daemon [_thread_blocked, id=133662, stack(0x00007b0b8c42f000,0x00007b0b8c52f000) (1024K)]
  0x00007b0bb81a2610 JavaThread "Common-Cleaner"             daemon [_thread_blocked, id=133663, stack(0x00007b0b8c32f000,0x00007b0b8c42f000) (1024K)]
  0x00007b0b14370050 JavaThread "C2 CompilerThread1"         daemon [_thread_blocked, id=133666, stack(0x00007b0b8c22f000,0x00007b0b8c32f000) (1024K)]
  0x00007b0b14284a80 JavaThread "C2 CompilerThread2"         daemon [_thread_in_native, id=133667, stack(0x00007b0b3af00000,0x00007b0b3b000000) (1024K)]
  0x00007b0bb895df70 JavaThread "Thread-1"                   daemon [_thread_blocked, id=133673, stack(0x00007b0b3a7fd000,0x00007b0b3a8fd000) (1024K)]
Total: 13

Other Threads:
  0x00007b0bb8154a80 VMThread "VM Thread"                           [id=133654, stack(0x00007b0b8dafc000,0x00007b0b8dbfc000) (1024K)]
  0x00007b0bb81428a0 WatcherThread "VM Periodic Task Thread"        [id=133653, stack(0x00007b0b8dbfd000,0x00007b0b8dcfd000) (1024K)]
  0x00007b0bb8082660 WorkerThread "GC Thread#0"                     [id=133648, stack(0x00007b0bbc0a8000,0x00007b0bbc1a8000) (1024K)]
  0x00007b0b34008200 WorkerThread "GC Thread#1"                     [id=133668, stack(0x00007b0b8c12f000,0x00007b0b8c22f000) (1024K)]
  0x00007b0b34008cc0 WorkerThread "GC Thread#2"                     [id=133669, stack(0x00007b0b8c02e000,0x00007b0b8c12e000) (1024K)]
  0x00007b0b340097c0 WorkerThread "GC Thread#3"                     [id=133670, stack(0x00007b0b3ab00000,0x00007b0b3ac00000) (1024K)]
  0x00007b0b3400a2c0 WorkerThread "GC Thread#4"                     [id=133671, stack(0x00007b0b3a9ff000,0x00007b0b3aaff000) (1024K)]
  0x00007b0b3400ade0 WorkerThread "GC Thread#5"                     [id=133672, stack(0x00007b0b3a8fe000,0x00007b0b3a9fe000) (1024K)]
  0x00007b0b34014990 WorkerThread "GC Thread#6"                     [id=133674, stack(0x00007b0b3a6fd000,0x00007b0b3a7fd000) (1024K)]
  0x00007b0b34015150 WorkerThread "GC Thread#7"                     [id=133675, stack(0x00007b0b3a5fc000,0x00007b0b3a6fc000) (1024K)]
  0x00007b0b34015c50 WorkerThread "GC Thread#8"                     [id=133676, stack(0x00007b0b3a4fb000,0x00007b0b3a5fb000) (1024K)]
  0x00007b0b34016750 WorkerThread "GC Thread#9"                     [id=133677, stack(0x00007b0b3a3fa000,0x00007b0b3a4fa000) (1024K)]
  0x00007b0bb8093420 ConcurrentGCThread "G1 Main Marker"            [id=133649, stack(0x00007b0bb7f00000,0x00007b0bb8000000) (1024K)]
  0x00007b0bb80943d0 WorkerThread "G1 Conc#0"                       [id=133650, stack(0x00007b0b9c920000,0x00007b0b9ca20000) (1024K)]
  0x00007b0bb8130080 ConcurrentGCThread "G1 Refine#0"               [id=133651, stack(0x00007b0b8ddff000,0x00007b0b8deff000) (1024K)]
  0x00007b0bb8131050 ConcurrentGCThread "G1 Service"                [id=133652, stack(0x00007b0b8dcfe000,0x00007b0b8ddfe000) (1024K)]
Total: 16

Threads with active compile tasks:
C2 CompilerThread2  1866 3210       4       java.lang.invoke.MethodType::makeImpl (109 bytes)
Total: 1

VM state: not at safepoint (normal execution)

VM Mutex/Monitor currently owned by a thread: None

Heap address: 0x0000000708800000, size: 3960 MB, Compressed Oops mode: Zero based, Oop shift amount: 3

CDS archive(s) mapped at: [0x00007b0b3f000000-0x00007b0b3fc9c000-0x00007b0b3fc9c000), size 13221888, SharedBaseAddress: 0x00007b0b3f000000, ArchiveRelocationMode: 1.
Compressed class space mapped at: 0x00007b0b40000000-0x00007b0b80000000, reserved size: 1073741824
Narrow klass base: 0x00007b0b3f000000, Narrow klass shift: 0, Narrow klass range: 0x100000000

GC Precious Log:
 CardTable entry size: 512
 Card Set container configuration: InlinePtr #cards 4 size 8 Array Of Cards #cards 16 size 48 Howl #buckets 8 coarsen threshold 3686 Howl Bitmap #cards 512 size 80 coarsen threshold 460 Card regions per heap region 1 cards per card region 4096
 CPUs: 12 total, 12 available
 Memory: 15839M
 Large Page Support: Disabled
 NUMA Support: Disabled
 Compressed Oops: Enabled (Zero based)
 Heap Region Size: 2M
 Heap Min Capacity: 8M
 Heap Initial Capacity: 248M
 Heap Max Capacity: 3960M
 Pre-touch: Disabled
 Parallel Workers: 10
 Concurrent Workers: 3
 Concurrent Refinement Workers: 10
 Periodic GC: Disabled

Heap:
 garbage-first heap   total 256000K, used 20546K [0x0000000708800000, 0x0000000800000000)
  region size 2048K, 11 young (22528K), 4 survivors (8192K)
 Metaspace       used 16399K, committed 16640K, reserved 1114112K
  class space    used 2002K, committed 2112K, reserved 1048576K

Heap Regions: E=young(eden), S=young(survivor), O=old, HS=humongous(starts), HC=humongous(continues), CS=collection set, F=free, TAMS=top-at-mark-start, PB=parsable bottom
|   0|0x0000000708800000, 0x0000000708800000, 0x0000000708a00000|  0%| F|  |TAMS 0x0000000708800000| PB 0x0000000708800000| Untracked 
|   1|0x0000000708a00000, 0x0000000708a00000, 0x0000000708c00000|  0%| F|  |TAMS 0x0000000708a00000| PB 0x0000000708a00000| Untracked 
|   2|0x0000000708c00000, 0x0000000708c00000, 0x0000000708e00000|  0%| F|  |TAMS 0x0000000708c00000| PB 0x0000000708c00000| Untracked 
|   3|0x0000000708e00000, 0x0000000708e00000, 0x0000000709000000|  0%| F|  |TAMS 0x0000000708e00000| PB 0x0000000708e00000| Untracked 
|   4|0x0000000709000000, 0x0000000709000000, 0x0000000709200000|  0%| F|  |TAMS 0x0000000709000000| PB 0x0000000709000000| Untracked 
|   5|0x0000000709200000, 0x0000000709200000, 0x0000000709400000|  0%| F|  |TAMS 0x0000000709200000| PB 0x0000000709200000| Untracked 
|   6|0x0000000709400000, 0x0000000709400000, 0x0000000709600000|  0%| F|  |TAMS 0x0000000709400000| PB 0x0000000709400000| Untracked 
|   7|0x0000000709600000, 0x0000000709600000, 0x0000000709800000|  0%| F|  |TAMS 0x0000000709600000| PB 0x0000000709600000| Untracked 
|   8|0x0000000709800000, 0x0000000709800000, 0x0000000709a00000|  0%| F|  |TAMS 0x0000000709800000| PB 0x0000000709800000| Untracked 
|   9|0x0000000709a00000, 0x0000000709a00000, 0x0000000709c00000|  0%| F|  |TAMS 0x0000000709a00000| PB 0x0000000709a00000| Untracked 
|  10|0x0000000709c00000, 0x0000000709c00000, 0x0000000709e00000|  0%| F|  |TAMS 0x0000000709c00000| PB 0x0000000709c00000| Untracked 
|  11|0x0000000709e00000, 0x0000000709e00000, 0x000000070a000000|  0%| F|  |TAMS 0x0000000709e00000| PB 0x0000000709e00000| Untracked 
|  12|0x000000070a000000, 0x000000070a000000, 0x000000070a200000|  0%| F|  |TAMS 0x000000070a000000| PB 0x000000070a000000| Untracked 
|  13|0x000000070a200000, 0x000000070a200000, 0x000000070a400000|  0%| F|  |TAMS 0x000000070a200000| PB 0x000000070a200000| Untracked 
|  14|0x000000070a400000, 0x000000070a400000, 0x000000070a600000|  0%| F|  |TAMS 0x000000070a400000| PB 0x000000070a400000| Untracked 
|  15|0x000000070a600000, 0x000000070a600000, 0x000000070a800000|  0%| F|  |TAMS 0x000000070a600000| PB 0x000000070a600000| Untracked 
|  16|0x000000070a800000, 0x000000070a800000, 0x000000070aa00000|  0%| F|  |TAMS 0x000000070a800000| PB 0x000000070a800000| Untracked 
|  17|0x000000070aa00000, 0x000000070aa00000, 0x000000070ac00000|  0%| F|  |TAMS 0x000000070aa00000| PB 0x000000070aa00000| Untracked 
|  18|0x000000070ac00000, 0x000000070ac00000, 0x000000070ae00000|  0%| F|  |TAMS 0x000000070ac00000| PB 0x000000070ac00000| Untracked 
|  19|0x000000070ae00000, 0x000000070ae00000, 0x000000070b000000|  0%| F|  |TAMS 0x000000070ae00000| PB 0x000000070ae00000| Untracked 
|  20|0x000000070b000000, 0x000000070b000000, 0x000000070b200000|  0%| F|  |TAMS 0x000000070b000000| PB 0x000000070b000000| Untracked 
|  21|0x000000070b200000, 0x000000070b200000, 0x000000070b400000|  0%| F|  |TAMS 0x000000070b200000| PB 0x000000070b200000| Untracked 
|  22|0x000000070b400000, 0x000000070b400000, 0x000000070b600000|  0%| F|  |TAMS 0x000000070b400000| PB 0x000000070b400000| Untracked 
|  23|0x000000070b600000, 0x000000070b600000, 0x000000070b800000|  0%| F|  |TAMS 0x000000070b600000| PB 0x000000070b600000| Untracked 
|  24|0x000000070b800000, 0x000000070b800000, 0x000000070ba00000|  0%| F|  |TAMS 0x000000070b800000| PB 0x000000070b800000| Untracked 
|  25|0x000000070ba00000, 0x000000070ba00000, 0x000000070bc00000|  0%| F|  |TAMS 0x000000070ba00000| PB 0x000000070ba00000| Untracked 
|  26|0x000000070bc00000, 0x000000070bc00000, 0x000000070be00000|  0%| F|  |TAMS 0x000000070bc00000| PB 0x000000070bc00000| Untracked 
|  27|0x000000070be00000, 0x000000070be00000, 0x000000070c000000|  0%| F|  |TAMS 0x000000070be00000| PB 0x000000070be00000| Untracked 
|  28|0x000000070c000000, 0x000000070c000000, 0x000000070c200000|  0%| F|  |TAMS 0x000000070c000000| PB 0x000000070c000000| Untracked 
|  29|0x000000070c200000, 0x000000070c200000, 0x000000070c400000|  0%| F|  |TAMS 0x000000070c200000| PB 0x000000070c200000| Untracked 
|  30|0x000000070c400000, 0x000000070c400000, 0x000000070c600000|  0%| F|  |TAMS 0x000000070c400000| PB 0x000000070c400000| Untracked 
|  31|0x000000070c600000, 0x000000070c600000, 0x000000070c800000|  0%| F|  |TAMS 0x000000070c600000| PB 0x000000070c600000| Untracked 
|  32|0x000000070c800000, 0x000000070c800000, 0x000000070ca00000|  0%| F|  |TAMS 0x000000070c800000| PB 0x000000070c800000| Untracked 
|  33|0x000000070ca00000, 0x000000070ca00000, 0x000000070cc00000|  0%| F|  |TAMS 0x000000070ca00000| PB 0x000000070ca00000| Untracked 
|  34|0x000000070cc00000, 0x000000070cc00000, 0x000000070ce00000|  0%| F|  |TAMS 0x000000070cc00000| PB 0x000000070cc00000| Untracked 
|  35|0x000000070ce00000, 0x000000070ce00000, 0x000000070d000000|  0%| F|  |TAMS 0x000000070ce00000| PB 0x000000070ce00000| Untracked 
|  36|0x000000070d000000, 0x000000070d000000, 0x000000070d200000|  0%| F|  |TAMS 0x000000070d000000| PB 0x000000070d000000| Untracked 
|  37|0x000000070d200000, 0x000000070d200000, 0x000000070d400000|  0%| F|  |TAMS 0x000000070d200000| PB 0x000000070d200000| Untracked 
|  38|0x000000070d400000, 0x000000070d400000, 0x000000070d600000|  0%| F|  |TAMS 0x000000070d400000| PB 0x000000070d400000| Untracked 
|  39|0x000000070d600000, 0x000000070d600000, 0x000000070d800000|  0%| F|  |TAMS 0x000000070d600000| PB 0x000000070d600000| Untracked 
|  40|0x000000070d800000, 0x000000070d800000, 0x000000070da00000|  0%| F|  |TAMS 0x000000070d800000| PB 0x000000070d800000| Untracked 
|  41|0x000000070da00000, 0x000000070da00000, 0x000000070dc00000|  0%| F|  |TAMS 0x000000070da00000| PB 0x000000070da00000| Untracked 
|  42|0x000000070dc00000, 0x000000070dc00000, 0x000000070de00000|  0%| F|  |TAMS 0x000000070dc00000| PB 0x000000070dc00000| Untracked 
|  43|0x000000070de00000, 0x000000070de00000, 0x000000070e000000|  0%| F|  |TAMS 0x000000070de00000| PB 0x000000070de00000| Untracked 
|  44|0x000000070e000000, 0x000000070e000000, 0x000000070e200000|  0%| F|  |TAMS 0x000000070e000000| PB 0x000000070e000000| Untracked 
|  45|0x000000070e200000, 0x000000070e200000, 0x000000070e400000|  0%| F|  |TAMS 0x000000070e200000| PB 0x000000070e200000| Untracked 
|  46|0x000000070e400000, 0x000000070e400000, 0x000000070e600000|  0%| F|  |TAMS 0x000000070e400000| PB 0x000000070e400000| Untracked 
|  47|0x000000070e600000, 0x000000070e600000, 0x000000070e800000|  0%| F|  |TAMS 0x000000070e600000| PB 0x000000070e600000| Untracked 
|  48|0x000000070e800000, 0x000000070e800000, 0x000000070ea00000|  0%| F|  |TAMS 0x000000070e800000| PB 0x000000070e800000| Untracked 
|  49|0x000000070ea00000, 0x000000070ea00000, 0x000000070ec00000|  0%| F|  |TAMS 0x000000070ea00000| PB 0x000000070ea00000| Untracked 
|  50|0x000000070ec00000, 0x000000070ec00000, 0x000000070ee00000|  0%| F|  |TAMS 0x000000070ec00000| PB 0x000000070ec00000| Untracked 
|  51|0x000000070ee00000, 0x000000070ee00000, 0x000000070f000000|  0%| F|  |TAMS 0x000000070ee00000| PB 0x000000070ee00000| Untracked 
|  52|0x000000070f000000, 0x000000070f000000, 0x000000070f200000|  0%| F|  |TAMS 0x000000070f000000| PB 0x000000070f000000| Untracked 
|  53|0x000000070f200000, 0x000000070f200000, 0x000000070f400000|  0%| F|  |TAMS 0x000000070f200000| PB 0x000000070f200000| Untracked 
|  54|0x000000070f400000, 0x000000070f400000, 0x000000070f600000|  0%| F|  |TAMS 0x000000070f400000| PB 0x000000070f400000| Untracked 
|  55|0x000000070f600000, 0x000000070f600000, 0x000000070f800000|  0%| F|  |TAMS 0x000000070f600000| PB 0x000000070f600000| Untracked 
|  56|0x000000070f800000, 0x000000070f800000, 0x000000070fa00000|  0%| F|  |TAMS 0x000000070f800000| PB 0x000000070f800000| Untracked 
|  57|0x000000070fa00000, 0x000000070fa00000, 0x000000070fc00000|  0%| F|  |TAMS 0x000000070fa00000| PB 0x000000070fa00000| Untracked 
|  58|0x000000070fc00000, 0x000000070fc00000, 0x000000070fe00000|  0%| F|  |TAMS 0x000000070fc00000| PB 0x000000070fc00000| Untracked 
|  59|0x000000070fe00000, 0x000000070fe00000, 0x0000000710000000|  0%| F|  |TAMS 0x000000070fe00000| PB 0x000000070fe00000| Untracked 
|  60|0x0000000710000000, 0x0000000710000000, 0x0000000710200000|  0%| F|  |TAMS 0x0000000710000000| PB 0x0000000710000000| Untracked 
|  61|0x0000000710200000, 0x0000000710200000, 0x0000000710400000|  0%| F|  |TAMS 0x0000000710200000| PB 0x0000000710200000| Untracked 
|  62|0x0000000710400000, 0x0000000710400000, 0x0000000710600000|  0%| F|  |TAMS 0x0000000710400000| PB 0x0000000710400000| Untracked 
|  63|0x0000000710600000, 0x0000000710600000, 0x0000000710800000|  0%| F|  |TAMS 0x0000000710600000| PB 0x0000000710600000| Untracked 
|  64|0x0000000710800000, 0x0000000710800000, 0x0000000710a00000|  0%| F|  |TAMS 0x0000000710800000| PB 0x0000000710800000| Untracked 
|  65|0x0000000710a00000, 0x0000000710a00000, 0x0000000710c00000|  0%| F|  |TAMS 0x0000000710a00000| PB 0x0000000710a00000| Untracked 
|  66|0x0000000710c00000, 0x0000000710c00000, 0x0000000710e00000|  0%| F|  |TAMS 0x0000000710c00000| PB 0x0000000710c00000| Untracked 
|  67|0x0000000710e00000, 0x0000000710e00000, 0x0000000711000000|  0%| F|  |TAMS 0x0000000710e00000| PB 0x0000000710e00000| Untracked 
|  68|0x0000000711000000, 0x0000000711000000, 0x0000000711200000|  0%| F|  |TAMS 0x0000000711000000| PB 0x0000000711000000| Untracked 
|  69|0x0000000711200000, 0x0000000711200000, 0x0000000711400000|  0%| F|  |TAMS 0x0000000711200000| PB 0x0000000711200000| Untracked 
|  70|0x0000000711400000, 0x0000000711400000, 0x0000000711600000|  0%| F|  |TAMS 0x0000000711400000| PB 0x0000000711400000| Untracked 
|  71|0x0000000711600000, 0x0000000711600000, 0x0000000711800000|  0%| F|  |TAMS 0x0000000711600000| PB 0x0000000711600000| Untracked 
|  72|0x0000000711800000, 0x0000000711800000, 0x0000000711a00000|  0%| F|  |TAMS 0x0000000711800000| PB 0x0000000711800000| Untracked 
|  73|0x0000000711a00000, 0x0000000711a00000, 0x0000000711c00000|  0%| F|  |TAMS 0x0000000711a00000| PB 0x0000000711a00000| Untracked 
|  74|0x0000000711c00000, 0x0000000711c00000, 0x0000000711e00000|  0%| F|  |TAMS 0x0000000711c00000| PB 0x0000000711c00000| Untracked 
|  75|0x0000000711e00000, 0x0000000711e00000, 0x0000000712000000|  0%| F|  |TAMS 0x0000000711e00000| PB 0x0000000711e00000| Untracked 
|  76|0x0000000712000000, 0x0000000712000000, 0x0000000712200000|  0%| F|  |TAMS 0x0000000712000000| PB 0x0000000712000000| Untracked 
|  77|0x0000000712200000, 0x0000000712200000, 0x0000000712400000|  0%| F|  |TAMS 0x0000000712200000| PB 0x0000000712200000| Untracked 
|  78|0x0000000712400000, 0x0000000712400000, 0x0000000712600000|  0%| F|  |TAMS 0x0000000712400000| PB 0x0000000712400000| Untracked 
|  79|0x0000000712600000, 0x0000000712600000, 0x0000000712800000|  0%| F|  |TAMS 0x0000000712600000| PB 0x0000000712600000| Untracked 
|  80|0x0000000712800000, 0x0000000712800000, 0x0000000712a00000|  0%| F|  |TAMS 0x0000000712800000| PB 0x0000000712800000| Untracked 
|  81|0x0000000712a00000, 0x0000000712a00000, 0x0000000712c00000|  0%| F|  |TAMS 0x0000000712a00000| PB 0x0000000712a00000| Untracked 
|  82|0x0000000712c00000, 0x0000000712c00000, 0x0000000712e00000|  0%| F|  |TAMS 0x0000000712c00000| PB 0x0000000712c00000| Untracked 
|  83|0x0000000712e00000, 0x0000000712e00000, 0x0000000713000000|  0%| F|  |TAMS 0x0000000712e00000| PB 0x0000000712e00000| Untracked 
|  84|0x0000000713000000, 0x0000000713000000, 0x0000000713200000|  0%| F|  |TAMS 0x0000000713000000| PB 0x0000000713000000| Untracked 
|  85|0x0000000713200000, 0x0000000713200000, 0x0000000713400000|  0%| F|  |TAMS 0x0000000713200000| PB 0x0000000713200000| Untracked 
|  86|0x0000000713400000, 0x0000000713400000, 0x0000000713600000|  0%| F|  |TAMS 0x0000000713400000| PB 0x0000000713400000| Untracked 
|  87|0x0000000713600000, 0x0000000713600000, 0x0000000713800000|  0%| F|  |TAMS 0x0000000713600000| PB 0x0000000713600000| Untracked 
|  88|0x0000000713800000, 0x0000000713800000, 0x0000000713a00000|  0%| F|  |TAMS 0x0000000713800000| PB 0x0000000713800000| Untracked 
|  89|0x0000000713a00000, 0x0000000713a00000, 0x0000000713c00000|  0%| F|  |TAMS 0x0000000713a00000| PB 0x0000000713a00000| Untracked 
|  90|0x0000000713c00000, 0x0000000713c00000, 0x0000000713e00000|  0%| F|  |TAMS 0x0000000713c00000| PB 0x0000000713c00000| Untracked 
|  91|0x0000000713e00000, 0x0000000713f04520, 0x0000000714000000| 50%| S|CS|TAMS 0x0000000713e00000| PB 0x0000000713e00000| Complete 
|  92|0x0000000714000000, 0x0000000714200000, 0x0000000714200000|100%| S|CS|TAMS 0x0000000714000000| PB 0x0000000714000000| Complete 
|  93|0x0000000714200000, 0x0000000714400000, 0x0000000714400000|100%| S|CS|TAMS 0x0000000714200000| PB 0x0000000714200000| Complete 
|  94|0x0000000714400000, 0x0000000714600000, 0x0000000714600000|100%| S|CS|TAMS 0x0000000714400000| PB 0x0000000714400000| Complete 
|  95|0x0000000714600000, 0x0000000714600000, 0x0000000714800000|  0%| F|  |TAMS 0x0000000714600000| PB 0x0000000714600000| Untracked 
|  96|0x0000000714800000, 0x0000000714800000, 0x0000000714a00000|  0%| F|  |TAMS 0x0000000714800000| PB 0x0000000714800000| Untracked 
|  97|0x0000000714a00000, 0x0000000714a00000, 0x0000000714c00000|  0%| F|  |TAMS 0x0000000714a00000| PB 0x0000000714a00000| Untracked 
|  98|0x0000000714c00000, 0x0000000714c00000, 0x0000000714e00000|  0%| F|  |TAMS 0x0000000714c00000| PB 0x0000000714c00000| Untracked 
|  99|0x0000000714e00000, 0x0000000714e00000, 0x0000000715000000|  0%| F|  |TAMS 0x0000000714e00000| PB 0x0000000714e00000| Untracked 
| 100|0x0000000715000000, 0x0000000715000000, 0x0000000715200000|  0%| F|  |TAMS 0x0000000715000000| PB 0x0000000715000000| Untracked 
| 101|0x0000000715200000, 0x0000000715200000, 0x0000000715400000|  0%| F|  |TAMS 0x0000000715200000| PB 0x0000000715200000| Untracked 
| 102|0x0000000715400000, 0x0000000715400000, 0x0000000715600000|  0%| F|  |TAMS 0x0000000715400000| PB 0x0000000715400000| Untracked 
| 103|0x0000000715600000, 0x0000000715600000, 0x0000000715800000|  0%| F|  |TAMS 0x0000000715600000| PB 0x0000000715600000| Untracked 
| 104|0x0000000715800000, 0x0000000715800000, 0x0000000715a00000|  0%| F|  |TAMS 0x0000000715800000| PB 0x0000000715800000| Untracked 
| 105|0x0000000715a00000, 0x0000000715a00000, 0x0000000715c00000|  0%| F|  |TAMS 0x0000000715a00000| PB 0x0000000715a00000| Untracked 
| 106|0x0000000715c00000, 0x0000000715c00000, 0x0000000715e00000|  0%| F|  |TAMS 0x0000000715c00000| PB 0x0000000715c00000| Untracked 
| 107|0x0000000715e00000, 0x0000000715e00000, 0x0000000716000000|  0%| F|  |TAMS 0x0000000715e00000| PB 0x0000000715e00000| Untracked 
| 108|0x0000000716000000, 0x0000000716000000, 0x0000000716200000|  0%| F|  |TAMS 0x0000000716000000| PB 0x0000000716000000| Untracked 
| 109|0x0000000716200000, 0x0000000716200000, 0x0000000716400000|  0%| F|  |TAMS 0x0000000716200000| PB 0x0000000716200000| Untracked 
| 110|0x0000000716400000, 0x0000000716400000, 0x0000000716600000|  0%| F|  |TAMS 0x0000000716400000| PB 0x0000000716400000| Untracked 
| 111|0x0000000716600000, 0x0000000716600000, 0x0000000716800000|  0%| F|  |TAMS 0x0000000716600000| PB 0x0000000716600000| Untracked 
| 112|0x0000000716800000, 0x0000000716800000, 0x0000000716a00000|  0%| F|  |TAMS 0x0000000716800000| PB 0x0000000716800000| Untracked 
| 113|0x0000000716a00000, 0x0000000716a00000, 0x0000000716c00000|  0%| F|  |TAMS 0x0000000716a00000| PB 0x0000000716a00000| Untracked 
| 114|0x0000000716c00000, 0x0000000716c00000, 0x0000000716e00000|  0%| F|  |TAMS 0x0000000716c00000| PB 0x0000000716c00000| Untracked 
| 115|0x0000000716e00000, 0x0000000716e00000, 0x0000000717000000|  0%| F|  |TAMS 0x0000000716e00000| PB 0x0000000716e00000| Untracked 
| 116|0x0000000717000000, 0x0000000717000000, 0x0000000717200000|  0%| F|  |TAMS 0x0000000717000000| PB 0x0000000717000000| Untracked 
| 117|0x0000000717200000, 0x00000007172f5ea8, 0x0000000717400000| 48%| E|  |TAMS 0x0000000717200000| PB 0x0000000717200000| Complete 
| 118|0x0000000717400000, 0x0000000717600000, 0x0000000717600000|100%| E|CS|TAMS 0x0000000717400000| PB 0x0000000717400000| Complete 
| 119|0x0000000717600000, 0x0000000717800000, 0x0000000717800000|100%| E|CS|TAMS 0x0000000717600000| PB 0x0000000717600000| Complete 
| 120|0x0000000717800000, 0x0000000717a00000, 0x0000000717a00000|100%| E|CS|TAMS 0x0000000717800000| PB 0x0000000717800000| Complete 
| 121|0x0000000717a00000, 0x0000000717c00000, 0x0000000717c00000|100%| E|CS|TAMS 0x0000000717a00000| PB 0x0000000717a00000| Complete 
| 122|0x0000000717c00000, 0x0000000717e00000, 0x0000000717e00000|100%| E|CS|TAMS 0x0000000717c00000| PB 0x0000000717c00000| Complete 
| 123|0x0000000717e00000, 0x0000000718000000, 0x0000000718000000|100%| E|CS|TAMS 0x0000000717e00000| PB 0x0000000717e00000| Complete 
|1979|0x00000007ffe00000, 0x00000007fff0c6d0, 0x0000000800000000| 52%| O|  |TAMS 0x00000007ffe00000| PB 0x00000007ffe00000| Untracked 

Card table byte_map: [0x00007b0bbc1a8000,0x00007b0bbc964000] _byte_map_base: 0x00007b0bb8964000

Marking Bits: (CMBitMap*) 0x00007b0bb80831a0
 Bits: [0x00007b0b9ca20000, 0x00007b0ba0800000)

Polling page: 0x00007b0bbfadb000

Metaspace:

Usage:
  Non-class:     14.06 MB used.
      Class:      1.96 MB used.
       Both:     16.02 MB used.

Virtual space:
  Non-class space:       64.00 MB reserved,      14.19 MB ( 22%) committed,  1 nodes.
      Class space:        1.00 GB reserved,       2.06 MB ( <1%) committed,  1 nodes.
             Both:        1.06 GB reserved,      16.25 MB (  1%) committed. 

Chunk freelists:
   Non-Class:  1.59 MB
       Class:  13.82 MB
        Both:  15.41 MB

MaxMetaspaceSize: unlimited
CompressedClassSpaceSize: 1.00 GB
Initial GC threshold: 21.00 MB
Current GC threshold: 21.00 MB
CDS: on
 - commit_granule_bytes: 65536.
 - commit_granule_words: 8192.
 - virtual_space_node_default_size: 8388608.
 - enlarge_chunks_in_place: 1.
 - use_allocation_guard: 0.


Internal statistics:

num_allocs_failed_limit: 0.
num_arena_births: 180.
num_arena_deaths: 0.
num_vsnodes_births: 2.
num_vsnodes_deaths: 0.
num_space_committed: 260.
num_space_uncommitted: 0.
num_chunks_returned_to_freelist: 0.
num_chunks_taken_from_freelist: 755.
num_chunk_merges: 0.
num_chunk_splits: 505.
num_chunks_enlarged: 403.
num_inconsistent_stats: 0.

CodeHeap 'non-profiled nmethods': size=120028Kb used=1366Kb max_used=1366Kb free=118661Kb
 bounds [0x00007b0ba82c9000, 0x00007b0ba8539000, 0x00007b0baf800000]
CodeHeap 'profiled nmethods': size=120028Kb used=6275Kb max_used=6275Kb free=113752Kb
 bounds [0x00007b0ba0800000, 0x00007b0ba0e30000, 0x00007b0ba7d37000]
CodeHeap 'non-nmethods': size=5704Kb used=1389Kb max_used=1432Kb free=4314Kb
 bounds [0x00007b0ba7d37000, 0x00007b0ba7fa7000, 0x00007b0ba82c9000]
CodeCache: size=245760Kb, used=9030Kb, max_used=9073Kb, free=236727Kb
 total_blobs=3717, nmethods=3217, adapters=405, full_count=0
Compilation: enabled, stopped_count=0, restarted_count=0

Compilation events (20 events):
Event: 1.840 Thread 0x00007b0b14284a80 3210       4       java.lang.invoke.MethodType::makeImpl (109 bytes)
Event: 1.840 Thread 0x00007b0bb8164e30 3212       4       java.lang.ClassLoader::checkName (37 bytes)
Event: 1.841 Thread 0x00007b0bb8166500 nmethod 3202 0x00007b0ba0e1ad10 code [0x00007b0ba0e1b140, 0x00007b0ba0e1cae0]
Event: 1.841 Thread 0x00007b0bb8166500 3211       3       java.lang.StringLatin1::lastIndexOf (125 bytes)
Event: 1.841 Thread 0x00007b0bb8166500 nmethod 3211 0x00007b0ba0e1d390 code [0x00007b0ba0e1d560, 0x00007b0ba0e1d9b0]
Event: 1.841 Thread 0x00007b0bb8166500 3213       3       org.eclipse.sisu.inject.MildElements::compact (21 bytes)
Event: 1.841 Thread 0x00007b0bb8166500 nmethod 3213 0x00007b0ba0e1dc10 code [0x00007b0ba0e1dde0, 0x00007b0ba0e1e098]
Event: 1.841 Thread 0x00007b0bb8166500 3214       3       org.eclipse.sisu.inject.MildValues$ValueItr::hasNext (56 bytes)
Event: 1.841 Thread 0x00007b0bb8166500 nmethod 3214 0x00007b0ba0e1e190 code [0x00007b0ba0e1e380, 0x00007b0ba0e1e978]
Event: 1.841 Thread 0x00007b0bb8166500 3216       3       org.eclipse.sisu.inject.MildElements$Itr::hasNext (77 bytes)
Event: 1.842 Thread 0x00007b0bb8166500 nmethod 3216 0x00007b0ba0e1eb10 code [0x00007b0ba0e1ed00, 0x00007b0ba0e1f320]
Event: 1.842 Thread 0x00007b0bb8166500 3218       3       org.eclipse.sisu.inject.RankedSequence$Content::indexOfThis (31 bytes)
Event: 1.842 Thread 0x00007b0bb8166500 nmethod 3218 0x00007b0ba0e1f510 code [0x00007b0ba0e1f6c0, 0x00007b0ba0e1f8e0]
Event: 1.842 Thread 0x00007b0bb8166500 3215       3       org.eclipse.sisu.inject.RankedSequence::removeThis (44 bytes)
Event: 1.842 Thread 0x00007b0bb8166500 nmethod 3215 0x00007b0ba0e1fa10 code [0x00007b0ba0e1fc00, 0x00007b0ba0e20030]
Event: 1.842 Thread 0x00007b0bb8166500 3217       3       org.eclipse.sisu.inject.RankedSequence$Content::remove (113 bytes)
Event: 1.842 Thread 0x00007b0bb8164e30 nmethod 3212 0x00007b0ba841be90 code [0x00007b0ba841c020, 0x00007b0ba841c280]
Event: 1.843 Thread 0x00007b0bb8166500 nmethod 3217 0x00007b0ba0e20210 code [0x00007b0ba0e20420, 0x00007b0ba0e20c48]
Event: 1.843 Thread 0x00007b0bb8166500 3207       1       java.util.concurrent.CopyOnWriteArrayList::setArray (6 bytes)
Event: 1.843 Thread 0x00007b0bb8166500 nmethod 3207 0x00007b0ba841c490 code [0x00007b0ba841c620, 0x00007b0ba841c738]

GC Heap History (4 events):
Event: 0.640 GC heap before
{Heap before GC invocations=0 (full 0):
 garbage-first heap   total 256000K, used 23601K [0x0000000708800000, 0x0000000800000000)
  region size 2048K, 11 young (22528K), 0 survivors (0K)
 Metaspace       used 5765K, committed 5952K, reserved 1114112K
  class space    used 680K, committed 768K, reserved 1048576K
}
Event: 0.644 GC heap after
{Heap after GC invocations=1 (full 0):
 garbage-first heap   total 256000K, used 4319K [0x0000000708800000, 0x0000000800000000)
  region size 2048K, 2 young (4096K), 2 survivors (4096K)
 Metaspace       used 5765K, committed 5952K, reserved 1114112K
  class space    used 680K, committed 768K, reserved 1048576K
}
Event: 1.604 GC heap before
{Heap before GC invocations=1 (full 0):
 garbage-first heap   total 256000K, used 59615K [0x0000000708800000, 0x0000000800000000)
  region size 2048K, 29 young (59392K), 2 survivors (4096K)
 Metaspace       used 14860K, committed 15104K, reserved 1114112K
  class space    used 1804K, committed 1920K, reserved 1048576K
}
Event: 1.609 GC heap after
{Heap after GC invocations=2 (full 0):
 garbage-first heap   total 256000K, used 8258K [0x0000000708800000, 0x0000000800000000)
  region size 2048K, 4 young (8192K), 4 survivors (8192K)
 Metaspace       used 14860K, committed 15104K, reserved 1114112K
  class space    used 1804K, committed 1920K, reserved 1048576K
}

Dll operation events (8 events):
Event: 0.005 Loaded shared library /usr/lib/jvm/java-21-openjdk-amd64/lib/libjava.so
Event: 0.060 Loaded shared library /usr/lib/jvm/java-21-openjdk-amd64/lib/libjsvml.so
Event: 0.089 Loaded shared library /usr/lib/jvm/java-21-openjdk-amd64/lib/libnio.so
Event: 0.098 Loaded shared library /usr/lib/jvm/java-21-openjdk-amd64/lib/libzip.so
Event: 0.125 Loaded shared library /usr/lib/jvm/java-21-openjdk-amd64/lib/libnet.so
Event: 0.245 Loaded shared library /usr/lib/jvm/java-21-openjdk-amd64/lib/libjimage.so
Event: 0.254 Loaded shared library /tmp/jansi-2.4.2-5a0f5a91346fafc7-libjansi.so
Event: 0.262 Loaded shared library /usr/lib/jvm/java-21-openjdk-amd64/lib/libverify.so

Deoptimization events (20 events):
Event: 1.744 Thread 0x00007b0bb801a1b0 DEOPT PACKING pc=0x00007b0ba83bce38 sp=0x00007b0bbddfccc0
Event: 1.744 Thread 0x00007b0bb801a1b0 DEOPT UNPACKING pc=0x00007b0ba7d8af99 sp=0x00007b0bbddfcc68 mode 2
Event: 1.749 Thread 0x00007b0bb801a1b0 Uncommon trap: trap_request=0xffffffc6 fr.pc=0x00007b0ba83bce38 relative=0x0000000000000098
Event: 1.749 Thread 0x00007b0bb801a1b0 Uncommon trap: reason=bimorphic_or_optimized_type_check action=maybe_recompile pc=0x00007b0ba83bce38 method=com.google.inject.internal.LinkedBindingImpl.acceptTargetVisitor(Lcom/google/inject/spi/BindingTargetVisitor;)Ljava/lang/Object; @ 2 c2
Event: 1.749 Thread 0x00007b0bb801a1b0 DEOPT PACKING pc=0x00007b0ba83bce38 sp=0x00007b0bbddfccc0
Event: 1.749 Thread 0x00007b0bb801a1b0 DEOPT UNPACKING pc=0x00007b0ba7d8af99 sp=0x00007b0bbddfcc68 mode 2
Event: 1.749 Thread 0x00007b0bb801a1b0 Uncommon trap: trap_request=0xffffffc6 fr.pc=0x00007b0ba83bce38 relative=0x0000000000000098
Event: 1.749 Thread 0x00007b0bb801a1b0 Uncommon trap: reason=bimorphic_or_optimized_type_check action=maybe_recompile pc=0x00007b0ba83bce38 method=com.google.inject.internal.LinkedBindingImpl.acceptTargetVisitor(Lcom/google/inject/spi/BindingTargetVisitor;)Ljava/lang/Object; @ 2 c2
Event: 1.749 Thread 0x00007b0bb801a1b0 DEOPT PACKING pc=0x00007b0ba83bce38 sp=0x00007b0bbddfccc0
Event: 1.749 Thread 0x00007b0bb801a1b0 DEOPT UNPACKING pc=0x00007b0ba7d8af99 sp=0x00007b0bbddfcc68 mode 2
Event: 1.772 Thread 0x00007b0bb801a1b0 Uncommon trap: trap_request=0xffffff45 fr.pc=0x00007b0ba838501c relative=0x00000000000000fc
Event: 1.772 Thread 0x00007b0bb801a1b0 Uncommon trap: reason=unstable_if action=reinterpret pc=0x00007b0ba838501c method=java.util.HashMap.hash(Ljava/lang/Object;)I @ 1 c2
Event: 1.772 Thread 0x00007b0bb801a1b0 DEOPT PACKING pc=0x00007b0ba838501c sp=0x00007b0bbddfbc60
Event: 1.772 Thread 0x00007b0bb801a1b0 DEOPT UNPACKING pc=0x00007b0ba7d8af99 sp=0x00007b0bbddfbbc0 mode 2
Event: 1.772 Thread 0x00007b0bb801a1b0 Uncommon trap: trap_request=0xffffff45 fr.pc=0x00007b0ba8384c54 relative=0x00000000000000b4
Event: 1.772 Thread 0x00007b0bb801a1b0 Uncommon trap: reason=unstable_if action=reinterpret pc=0x00007b0ba8384c54 method=java.util.HashMap.hash(Ljava/lang/Object;)I @ 1 c2
Event: 1.772 Thread 0x00007b0bb801a1b0 DEOPT PACKING pc=0x00007b0ba8384c54 sp=0x00007b0bbddfbc10
Event: 1.772 Thread 0x00007b0bb801a1b0 DEOPT UNPACKING pc=0x00007b0ba7d8af99 sp=0x00007b0bbddfbbc8 mode 2
Event: 1.811 Thread 0x00007b0bb801a1b0 DEOPT PACKING pc=0x00007b0ba0cf0c6e sp=0x00007b0bbddfd4d0
Event: 1.811 Thread 0x00007b0bb801a1b0 DEOPT UNPACKING pc=0x00007b0ba7d8b72f sp=0x00007b0bbddfca18 mode 0

Classes loaded (20 events):
Event: 1.776 Loading class java/time/zone/Ser
Event: 1.776 Loading class java/io/Externalizable
Event: 1.776 Loading class java/io/Externalizable done
Event: 1.776 Loading class java/time/zone/Ser done
Event: 1.777 Loading class java/time/zone/ZoneOffsetTransition
Event: 1.777 Loading class java/time/zone/ZoneOffsetTransition done
Event: 1.783 Loading class jdk/internal/reflect/MethodHandleBooleanFieldAccessorImpl
Event: 1.783 Loading class jdk/internal/reflect/MethodHandleBooleanFieldAccessorImpl done
Event: 1.837 Loading class java/util/WeakHashMap$KeyIterator
Event: 1.837 Loading class java/util/WeakHashMap$HashIterator
Event: 1.837 Loading class java/util/WeakHashMap$HashIterator done
Event: 1.837 Loading class java/util/WeakHashMap$KeyIterator done
Event: 1.841 Loading class jdk/internal/logger/LazyLoggers
Event: 1.842 Loading class jdk/internal/logger/LazyLoggers done
Event: 1.842 Loading class jdk/internal/logger/LazyLoggers$1
Event: 1.842 Loading class jdk/internal/logger/LazyLoggers$1 done
Event: 1.842 Loading class jdk/internal/logger/LazyLoggers$LazyLoggerFactories
Event: 1.842 Loading class jdk/internal/logger/LazyLoggers$LazyLoggerFactories done
Event: 1.842 Loading class jdk/internal/logger/LoggerFinderLoader
Event: 1.843 Loading class jdk/internal/logger/LoggerFinderLoader done

Classes unloaded (0 events):
No events

Classes redefined (0 events):
No events

Internal exceptions (20 events):
Event: 1.154 Thread 0x00007b0bb801a1b0 Exception <a 'java/lang/NoSuchMethodError'{0x0000000715be7fc8}: 'int java.lang.invoke.DirectMethodHandle$Holder.invokeSpecial(java.lang.Object, java.lang.Object, java.lang.Object, int)'> (0x0000000715be7fc8) 
thrown [./src/hotspot/share/interpreter/linkResolver.cpp, line 772]
Event: 1.156 Thread 0x00007b0bb801a1b0 Implicit null exception at 0x00007b0ba835ad3a to 0x00007b0ba835af34
Event: 1.158 Thread 0x00007b0bb801a1b0 Exception <a 'java/lang/NoSuchMethodError'{0x000000071580cd28}: 'java.lang.Object java.lang.invoke.Invokers$Holder.invokeExact_MT(java.lang.Object, int, java.lang.Object)'> (0x000000071580cd28) 
thrown [./src/hotspot/share/interpreter/linkResolver.cpp, line 772]
Event: 1.362 Thread 0x00007b0bb801a1b0 Exception <a 'java/lang/NoSuchMethodError'{0x0000000715055598}: 'void java.lang.invoke.Invokers$Holder.invokeExact_MT(java.lang.Object, java.lang.Object, java.lang.Object, java.lang.Object)'> (0x0000000715055598) 
thrown [./src/hotspot/share/interpreter/linkResolver.cpp, line 772]
Event: 1.382 Thread 0x00007b0bb801a1b0 Exception <a 'java/lang/NoClassDefFoundError'{0x00000007150e3f80}: com/google/inject/servlet/ServletModuleTargetVisitor> (0x00000007150e3f80) 
thrown [./src/hotspot/share/classfile/systemDictionary.cpp, line 301]
Event: 1.456 Thread 0x00007b0bb801a1b0 Exception <a 'java/lang/NoSuchMethodError'{0x0000000714fa02e8}: 'void java.lang.invoke.DirectMethodHandle$Holder.invokeVirtual(java.lang.Object, java.lang.Object)'> (0x0000000714fa02e8) 
thrown [./src/hotspot/share/interpreter/linkResolver.cpp, line 772]
Event: 1.561 Thread 0x00007b0bb801a1b0 Exception <a 'java/lang/NoSuchMethodError'{0x000000071493cf00}: 'void java.lang.invoke.DirectMethodHandle$Holder.invokeSpecial(java.lang.Object, java.lang.Object, java.lang.Object, java.lang.Object, java.lang.Object)'> (0x000000071493cf00) 
thrown [./src/hotspot/share/interpreter/linkResolver.cpp, line 772]
Event: 1.563 Thread 0x00007b0bb801a1b0 Exception <a 'java/lang/NoSuchMethodError'{0x0000000714957810}: 'java.lang.Object java.lang.invoke.DirectMethodHandle$Holder.invokeVirtual(java.lang.Object, java.lang.Object, java.lang.Object)'> (0x0000000714957810) 
thrown [./src/hotspot/share/interpreter/linkResolver.cpp, line 772]
Event: 1.563 Thread 0x00007b0bb801a1b0 Exception <a 'java/lang/NoSuchMethodError'{0x0000000714964f80}: 'void java.lang.invoke.DirectMethodHandle$Holder.invokeSpecial(java.lang.Object, java.lang.Object, java.lang.Object, java.lang.Object, java.lang.Object, java.lang.Object)'> (0x0000000714964f80) 
thrown [./src/hotspot/share/interpreter/linkResolver.cpp, line 772]
Event: 1.580 Thread 0x00007b0bb801a1b0 Implicit null exception at 0x00007b0ba82f2520 to 0x00007b0ba82f2c48
Event: 1.581 Thread 0x00007b0bb801a1b0 Implicit null exception at 0x00007b0ba82f3d20 to 0x00007b0ba82f4450
Event: 1.587 Thread 0x00007b0bb801a1b0 Exception <a 'java/lang/NoSuchMethodError'{0x00000007146e8cf0}: 'void java.lang.invoke.DirectMethodHandle$Holder.invokeVirtual(java.lang.Object, java.lang.Object, int)'> (0x00000007146e8cf0) 
thrown [./src/hotspot/share/interpreter/linkResolver.cpp, line 772]
Event: 1.587 Thread 0x00007b0bb801a1b0 Exception <a 'java/lang/NoSuchMethodError'{0x00000007146ecb00}: 'void java.lang.invoke.DirectMethodHandle$Holder.invokeSpecial(java.lang.Object, java.lang.Object, java.lang.Object, int)'> (0x00000007146ecb00) 
thrown [./src/hotspot/share/interpreter/linkResolver.cpp, line 772]
Event: 1.588 Thread 0x00007b0bb801a1b0 Exception <a 'java/lang/NoSuchMethodError'{0x00000007146f01e0}: 'void java.lang.invoke.DelegatingMethodHandle$Holder.reinvoke_L(java.lang.Object, java.lang.Object, int)'> (0x00000007146f01e0) 
thrown [./src/hotspot/share/interpreter/linkResolver.cpp, line 772]
Event: 1.686 Thread 0x00007b0bb801a1b0 Exception <a 'java/lang/NoSuchMethodError'{0x0000000717a8fad8}: 'java.lang.Object java.lang.invoke.DirectMethodHandle$Holder.newInvokeSpecial(java.lang.Object, java.lang.Object, java.lang.Object, java.lang.Object, java.lang.Object, java.lang.Object, java.lang.Object)'> (0x0000000717a8fad8) 
thrown [./src/hotspot/share/interpreter/linkResolver.cpp, line 772]
Event: 1.758 Thread 0x00007b0bb801a1b0 Exception <a 'java/lang/NoSuchMethodError'{0x0000000717783690}: 'int java.lang.invoke.DirectMethodHandle$Holder.invokeVirtual(java.lang.Object, java.lang.Object)'> (0x0000000717783690) 
thrown [./src/hotspot/share/interpreter/linkResolver.cpp, line 772]
Event: 1.772 Thread 0x00007b0bb801a1b0 Implicit null exception at 0x00007b0ba8384f66 to 0x00007b0ba8385012
Event: 1.772 Thread 0x00007b0bb801a1b0 Implicit null exception at 0x00007b0ba8384bc0 to 0x00007b0ba8384c45
Event: 1.784 Thread 0x00007b0bb801a1b0 Exception <a 'java/lang/NoSuchMethodError'{0x00000007174eb4e8}: 'void java.lang.invoke.Invokers$Holder.invokeExact_MT(java.lang.Object, java.lang.Object, int, java.lang.Object)'> (0x00000007174eb4e8) 
thrown [./src/hotspot/share/interpreter/linkResolver.cpp, line 772]
Event: 1.789 Thread 0x00007b0bb801a1b0 Exception <a 'java/lang/NoSuchMethodError'{0x000000071751f5d0}: 'void java.lang.invoke.DirectMethodHandle$Holder.invokeInterface(java.lang.Object, java.lang.Object, java.lang.Object)'> (0x000000071751f5d0) 
thrown [./src/hotspot/share/interpreter/linkResolver.cpp, line 772]

ZGC Phase Switch (0 events):
No events

VM Operations (20 events):
Event: 1.493 Executing non-safepoint VM operation: HandshakeAllThreads (Deoptimize)
Event: 1.493 Executing non-safepoint VM operation: HandshakeAllThreads (Deoptimize) done
Event: 1.516 Executing non-safepoint VM operation: HandshakeAllThreads (Deoptimize)
Event: 1.516 Executing non-safepoint VM operation: HandshakeAllThreads (Deoptimize) done
Event: 1.541 Executing non-safepoint VM operation: HandshakeAllThreads (Deoptimize)
Event: 1.541 Executing non-safepoint VM operation: HandshakeAllThreads (Deoptimize) done
Event: 1.542 Executing non-safepoint VM operation: HandshakeAllThreads (Deoptimize)
Event: 1.542 Executing non-safepoint VM operation: HandshakeAllThreads (Deoptimize) done
Event: 1.564 Executing safepoint VM operation: ICBufferFull
Event: 1.564 Executing safepoint VM operation: ICBufferFull done
Event: 1.604 Executing safepoint VM operation: G1CollectForAllocation (G1 Evacuation Pause)
Event: 1.609 Executing safepoint VM operation: G1CollectForAllocation (G1 Evacuation Pause) done
Event: 1.626 Executing non-safepoint VM operation: HandshakeAllThreads (Deoptimize)
Event: 1.626 Executing non-safepoint VM operation: HandshakeAllThreads (Deoptimize) done
Event: 1.715 Executing non-safepoint VM operation: HandshakeAllThreads (Deoptimize)
Event: 1.715 Executing non-safepoint VM operation: HandshakeAllThreads (Deoptimize) done
Event: 1.716 Executing non-safepoint VM operation: HandshakeAllThreads (Deoptimize)
Event: 1.716 Executing non-safepoint VM operation: HandshakeAllThreads (Deoptimize) done
Event: 1.804 Executing safepoint VM operation: ICBufferFull
Event: 1.804 Executing safepoint VM operation: ICBufferFull done

Memory protections (14 events):
Event: 0.004 Protecting memory [0x00007b0bbdd00000,0x00007b0bbdd04000] with protection modes 0
Event: 0.055 Protecting memory [0x00007b0b8d9fb000,0x00007b0b8d9ff000] with protection modes 0
Event: 0.055 Protecting memory [0x00007b0b8cb00000,0x00007b0b8cb04000] with protection modes 0
Event: 0.056 Protecting memory [0x00007b0b8ca00000,0x00007b0b8ca04000] with protection modes 0
Event: 0.057 Protecting memory [0x00007b0b8c900000,0x00007b0b8c904000] with protection modes 0
Event: 0.057 Protecting memory [0x00007b0b8c800000,0x00007b0b8c804000] with protection modes 0
Event: 0.057 Protecting memory [0x00007b0b8c700000,0x00007b0b8c704000] with protection modes 0
Event: 0.058 Protecting memory [0x00007b0b8c600000,0x00007b0b8c604000] with protection modes 0
Event: 0.081 Protecting memory [0x00007b0b8c42f000,0x00007b0b8c433000] with protection modes 0
Event: 0.084 Protecting memory [0x00007b0b8c32f000,0x00007b0b8c333000] with protection modes 0
Event: 0.244 Protecting memory [0x00007b0b8c22f000,0x00007b0b8c233000] with protection modes 0
Event: 0.384 Protecting memory [0x00007b0b8c22f000,0x00007b0b8c233000] with protection modes 0
Event: 0.616 Protecting memory [0x00007b0b3af00000,0x00007b0b3af04000] with protection modes 0
Event: 1.525 Protecting memory [0x00007b0b3a7fd000,0x00007b0b3a801000] with protection modes 0

Nmethod flushes (0 events):
No events

Events (15 events):
Event: 0.035 Thread 0x00007b0bb801a1b0 Thread added: 0x00007b0bb801a1b0
Event: 0.055 Thread 0x00007b0bb801a1b0 Thread added: 0x00007b0bb815d9c0
Event: 0.055 Thread 0x00007b0bb801a1b0 Thread added: 0x00007b0bb815ef40
Event: 0.056 Thread 0x00007b0bb801a1b0 Thread added: 0x00007b0bb81606e0
Event: 0.056 Thread 0x00007b0bb801a1b0 Thread added: 0x00007b0bb8161d30
Event: 0.057 Thread 0x00007b0bb801a1b0 Thread added: 0x00007b0bb81632e0
Event: 0.057 Thread 0x00007b0bb801a1b0 Thread added: 0x00007b0bb8164e30
Event: 0.057 Thread 0x00007b0bb801a1b0 Thread added: 0x00007b0bb8166500
Event: 0.080 Thread 0x00007b0bb801a1b0 Thread added: 0x00007b0bb819f1f0
Event: 0.084 Thread 0x00007b0bb801a1b0 Thread added: 0x00007b0bb81a2610
Event: 0.244 Thread 0x00007b0bb801a1b0 Thread added: 0x00007b0bb83b6160
Event: 0.250 Thread 0x00007b0bb83b6160 Thread exited: 0x00007b0bb83b6160
Event: 0.384 Thread 0x00007b0bb8166500 Thread added: 0x00007b0b14370050
Event: 0.616 Thread 0x00007b0bb8166500 Thread added: 0x00007b0b14284a80
Event: 1.525 Thread 0x00007b0bb801a1b0 Thread added: 0x00007b0bb895df70


Dynamic libraries:
708800000-718000000 rw-p 00000000 00:00 0 
718000000-7ffe00000 ---p 00000000 00:00 0 
7ffe00000-7fff0d000 rw-p 00cdb000 103:02 22699119                        /usr/lib/jvm/java-21-openjdk-amd64/lib/server/classes.jsa
7fff0d000-800000000 rw-p 00000000 00:00 0 
5e9c89684000-5e9c89685000 r--p 00000000 103:02 22698966                  /usr/lib/jvm/java-21-openjdk-amd64/bin/java
5e9c89685000-5e9c89686000 r-xp 00001000 103:02 22698966                  /usr/lib/jvm/java-21-openjdk-amd64/bin/java
5e9c89686000-5e9c89687000 r--p 00002000 103:02 22698966                  /usr/lib/jvm/java-21-openjdk-amd64/bin/java
5e9c89687000-5e9c89688000 r--p 00002000 103:02 22698966                  /usr/lib/jvm/java-21-openjdk-amd64/bin/java
5e9c89688000-5e9c89689000 rw-p 00003000 103:02 22698966                  /usr/lib/jvm/java-21-openjdk-amd64/bin/java
5e9cae74e000-5e9cae795000 rw-p 00000000 00:00 0                          [heap]
7b0adc000000-7b0adc021000 rw-p 00000000 00:00 0 
7b0adc021000-7b0ae0000000 ---p 00000000 00:00 0 
7b0ae4000000-7b0ae4021000 rw-p 00000000 00:00 0 
7b0ae4021000-7b0ae8000000 ---p 00000000 00:00 0 
7b0ae8000000-7b0ae8021000 rw-p 00000000 00:00 0 
7b0ae8021000-7b0aec000000 ---p 00000000 00:00 0 
7b0aec000000-7b0aec021000 rw-p 00000000 00:00 0 
7b0aec021000-7b0af0000000 ---p 00000000 00:00 0 
7b0af0000000-7b0af0021000 rw-p 00000000 00:00 0 
7b0af0021000-7b0af4000000 ---p 00000000 00:00 0 
7b0af4000000-7b0af4021000 rw-p 00000000 00:00 0 
7b0af4021000-7b0af8000000 ---p 00000000 00:00 0 
7b0af8000000-7b0af8021000 rw-p 00000000 00:00 0 
7b0af8021000-7b0afc000000 ---p 00000000 00:00 0 
7b0afc000000-7b0afc021000 rw-p 00000000 00:00 0 
7b0afc021000-7b0b00000000 ---p 00000000 00:00 0 
7b0b00000000-7b0b00021000 rw-p 00000000 00:00 0 
7b0b00021000-7b0b04000000 ---p 00000000 00:00 0 
7b0b04000000-7b0b04416000 rw-p 00000000 00:00 0 
7b0b04416000-7b0b08000000 ---p 00000000 00:00 0 
7b0b08000000-7b0b08021000 rw-p 00000000 00:00 0 
7b0b08021000-7b0b0c000000 ---p 00000000 00:00 0 
7b0b0c000000-7b0b0c021000 rw-p 00000000 00:00 0 
7b0b0c021000-7b0b10000000 ---p 00000000 00:00 0 
7b0b10000000-7b0b1056f000 rw-p 00000000 00:00 0 
7b0b1056f000-7b0b14000000 ---p 00000000 00:00 0 
7b0b14000000-7b0b14461000 rw-p 00000000 00:00 0 
7b0b14461000-7b0b18000000 ---p 00000000 00:00 0 
7b0b18000000-7b0b18021000 rw-p 00000000 00:00 0 
7b0b18021000-7b0b1c000000 ---p 00000000 00:00 0 
7b0b1c000000-7b0b1c021000 rw-p 00000000 00:00 0 
7b0b1c021000-7b0b20000000 ---p 00000000 00:00 0 
7b0b20000000-7b0b208c2000 rw-p 00000000 00:00 0 
7b0b208c2000-7b0b24000000 ---p 00000000 00:00 0 
7b0b24000000-7b0b24021000 rw-p 00000000 00:00 0 
7b0b24021000-7b0b28000000 ---p 00000000 00:00 0 
7b0b28000000-7b0b28021000 rw-p 00000000 00:00 0 
7b0b28021000-7b0b2c000000 ---p 00000000 00:00 0 
7b0b2c000000-7b0b2c021000 rw-p 00000000 00:00 0 
7b0b2c021000-7b0b30000000 ---p 00000000 00:00 0 
7b0b30000000-7b0b30021000 rw-p 00000000 00:00 0 
7b0b30021000-7b0b34000000 ---p 00000000 00:00 0 
7b0b34000000-7b0b34021000 rw-p 00000000 00:00 0 
7b0b34021000-7b0b38000000 ---p 00000000 00:00 0 
7b0b39f94000-7b0b3a3f9000 rw-p 00000000 00:00 0 
7b0b3a3f9000-7b0b3a3fa000 ---p 00000000 00:00 0 
7b0b3a3fa000-7b0b3a4fa000 rw-p 00000000 00:00 0 
7b0b3a4fa000-7b0b3a4fb000 ---p 00000000 00:00 0 
7b0b3a4fb000-7b0b3a5fb000 rw-p 00000000 00:00 0 
7b0b3a5fb000-7b0b3a5fc000 ---p 00000000 00:00 0 
7b0b3a5fc000-7b0b3a6fc000 rw-p 00000000 00:00 0 
7b0b3a6fc000-7b0b3a6fd000 ---p 00000000 00:00 0 
7b0b3a6fd000-7b0b3a7fd000 rw-p 00000000 00:00 0 
7b0b3a7fd000-7b0b3a801000 ---p 00000000 00:00 0 
7b0b3a801000-7b0b3a8fd000 rw-p 00000000 00:00 0 
7b0b3a8fd000-7b0b3a8fe000 ---p 00000000 00:00 0 
7b0b3a8fe000-7b0b3a9fe000 rw-p 00000000 00:00 0 
7b0b3a9fe000-7b0b3a9ff000 ---p 00000000 00:00 0 
7b0b3a9ff000-7b0b3aaff000 rw-p 00000000 00:00 0 
7b0b3aaff000-7b0b3ab00000 ---p 00000000 00:00 0 
7b0b3ab00000-7b0b3ac00000 rw-p 00000000 00:00 0 
7b0b3ac00000-7b0b3ac03000 r-xp 00000000 103:02 29098021                  /tmp/jansi-2.4.2-5a0f5a91346fafc7-libjansi.so
7b0b3ac03000-7b0b3ae02000 ---p 00003000 103:02 29098021                  /tmp/jansi-2.4.2-5a0f5a91346fafc7-libjansi.so
7b0b3ae02000-7b0b3ae03000 r--p 00002000 103:02 29098021                  /tmp/jansi-2.4.2-5a0f5a91346fafc7-libjansi.so
7b0b3ae03000-7b0b3ae04000 rw-p 00003000 103:02 29098021                  /tmp/jansi-2.4.2-5a0f5a91346fafc7-libjansi.so
7b0b3af00000-7b0b3af04000 ---p 00000000 00:00 0 
7b0b3af04000-7b0b3b000000 rw-p 00000000 00:00 0 
7b0b3b000000-7b0b3b3c0000 rw-p 00000000 00:00 0 
7b0b3b3c0000-7b0b3b400000 ---p 00000000 00:00 0 
7b0b3b400000-7b0b3be70000 rw-p 00000000 00:00 0 
7b0b3be70000-7b0b3f000000 ---p 00000000 00:00 0 
7b0b3f000000-7b0b3fc9c000 rw-p 00001000 103:02 22699119                  /usr/lib/jvm/java-21-openjdk-amd64/lib/server/classes.jsa
7b0b3fc9c000-7b0b40000000 ---p 00000000 00:00 0 
7b0b40000000-7b0b40040000 rw-p 00000000 00:00 0 
7b0b40040000-7b0b40080000 rw-p 00000000 00:00 0 
7b0b40080000-7b0b401c0000 rw-p 00000000 00:00 0 
7b0b401c0000-7b0b401e0000 rw-p 00000000 00:00 0 
7b0b401e0000-7b0b40200000 ---p 00000000 00:00 0 
7b0b40200000-7b0b40230000 rw-p 00000000 00:00 0 
7b0b40230000-7b0b80000000 ---p 00000000 00:00 0 
7b0b80000000-7b0b80021000 rw-p 00000000 00:00 0 
7b0b80021000-7b0b84000000 ---p 00000000 00:00 0 
7b0b84000000-7b0b84021000 rw-p 00000000 00:00 0 
7b0b84021000-7b0b88000000 ---p 00000000 00:00 0 
7b0b88000000-7b0b88021000 rw-p 00000000 00:00 0 
7b0b88021000-7b0b8c000000 ---p 00000000 00:00 0 
7b0b8c02d000-7b0b8c02e000 ---p 00000000 00:00 0 
7b0b8c02e000-7b0b8c12e000 rw-p 00000000 00:00 0 
7b0b8c12e000-7b0b8c12f000 ---p 00000000 00:00 0 
7b0b8c12f000-7b0b8c22f000 rw-p 00000000 00:00 0 
7b0b8c22f000-7b0b8c233000 ---p 00000000 00:00 0 
7b0b8c233000-7b0b8c32f000 rw-p 00000000 00:00 0 
7b0b8c32f000-7b0b8c333000 ---p 00000000 00:00 0 
7b0b8c333000-7b0b8c42f000 rw-p 00000000 00:00 0 
7b0b8c42f000-7b0b8c433000 ---p 00000000 00:00 0 
7b0b8c433000-7b0b8c52f000 rw-p 00000000 00:00 0 
7b0b8c52f000-7b0b8c534000 r--p 00000000 103:02 22699100                  /usr/lib/jvm/java-21-openjdk-amd64/lib/libjsvml.so
7b0b8c534000-7b0b8c575000 r-xp 00005000 103:02 22699100                  /usr/lib/jvm/java-21-openjdk-amd64/lib/libjsvml.so
7b0b8c575000-7b0b8c5fe000 r--p 00046000 103:02 22699100                  /usr/lib/jvm/java-21-openjdk-amd64/lib/libjsvml.so
7b0b8c5fe000-7b0b8c5ff000 r--p 000ce000 103:02 22699100                  /usr/lib/jvm/java-21-openjdk-amd64/lib/libjsvml.so
7b0b8c5ff000-7b0b8c600000 rw-p 000cf000 103:02 22699100                  /usr/lib/jvm/java-21-openjdk-amd64/lib/libjsvml.so
7b0b8c600000-7b0b8c604000 ---p 00000000 00:00 0 
7b0b8c604000-7b0b8c700000 rw-p 00000000 00:00 0 
7b0b8c700000-7b0b8c704000 ---p 00000000 00:00 0 
7b0b8c704000-7b0b8c800000 rw-p 00000000 00:00 0 
7b0b8c800000-7b0b8c804000 ---p 00000000 00:00 0 
7b0b8c804000-7b0b8c900000 rw-p 00000000 00:00 0 
7b0b8c900000-7b0b8c904000 ---p 00000000 00:00 0 
7b0b8c904000-7b0b8ca00000 rw-p 00000000 00:00 0 
7b0b8ca00000-7b0b8ca04000 ---p 00000000 00:00 0 
7b0b8ca04000-7b0b8cb00000 rw-p 00000000 00:00 0 
7b0b8cb00000-7b0b8cb04000 ---p 00000000 00:00 0 
7b0b8cb04000-7b0b8cc00000 rw-p 00000000 00:00 0 
7b0b8cc00000-7b0b8d9ec000 r--p 00000000 103:02 21760639                  /usr/lib/locale/locale-archive
7b0b8d9fb000-7b0b8d9ff000 ---p 00000000 00:00 0 
7b0b8d9ff000-7b0b8dafb000 rw-p 00000000 00:00 0 
7b0b8dafb000-7b0b8dafc000 ---p 00000000 00:00 0 
7b0b8dafc000-7b0b8dbfc000 rw-p 00000000 00:00 0 
7b0b8dbfc000-7b0b8dbfd000 ---p 00000000 00:00 0 
7b0b8dbfd000-7b0b8dcfd000 rw-p 00000000 00:00 0 
7b0b8dcfd000-7b0b8dcfe000 ---p 00000000 00:00 0 
7b0b8dcfe000-7b0b8ddfe000 rw-p 00000000 00:00 0 
7b0b8ddfe000-7b0b8ddff000 ---p 00000000 00:00 0 
7b0b8ddff000-7b0b8deff000 rw-p 00000000 00:00 0 
7b0b8deff000-7b0b90021000 rw-p 00000000 00:00 0 
7b0b90021000-7b0b94000000 ---p 00000000 00:00 0 
7b0b94000000-7b0b94021000 rw-p 00000000 00:00 0 
7b0b94021000-7b0b98000000 ---p 00000000 00:00 0 
7b0b98000000-7b0b98021000 rw-p 00000000 00:00 0 
7b0b98021000-7b0b9c000000 ---p 00000000 00:00 0 
7b0b9c016000-7b0b9c91f000 rw-p 00000000 00:00 0 
7b0b9c91f000-7b0b9c920000 ---p 00000000 00:00 0 
7b0b9c920000-7b0b9ca20000 rw-p 00000000 00:00 0 
7b0b9ca20000-7b0b9ce00000 rw-p 00000000 00:00 0 
7b0b9ce00000-7b0ba07f8000 ---p 00000000 00:00 0 
7b0ba07f8000-7b0ba0800000 rw-p 00000000 00:00 0 
7b0ba0800000-7b0ba0e30000 rwxp 00000000 00:00 0 
7b0ba0e30000-7b0ba7d37000 ---p 00000000 00:00 0 
7b0ba7d37000-7b0ba7fa7000 rwxp 00000000 00:00 0 
7b0ba7fa7000-7b0ba82c9000 ---p 00000000 00:00 0 
7b0ba82c9000-7b0ba8539000 rwxp 00000000 00:00 0 
7b0ba8539000-7b0baf800000 ---p 00000000 00:00 0 
7b0baf800000-7b0bb7e3e000 r--s 00000000 103:02 22699116                  /usr/lib/jvm/java-21-openjdk-amd64/lib/modules
7b0bb7e7e000-7b0bb7eff000 rw-p 00000000 00:00 0 
7b0bb7eff000-7b0bb7f00000 ---p 00000000 00:00 0 
7b0bb7f00000-7b0bb8000000 rw-p 00000000 00:00 0 
7b0bb8000000-7b0bb8a0a000 rw-p 00000000 00:00 0 
7b0bb8a0a000-7b0bbc000000 ---p 00000000 00:00 0 
7b0bbc04c000-7b0bbc0a7000 rw-p 00000000 00:00 0 
7b0bbc0a7000-7b0bbc0a8000 ---p 00000000 00:00 0 
7b0bbc0a8000-7b0bbc1a8000 rw-p 00000000 00:00 0 
7b0bbc1a8000-7b0bbc224000 rw-p 00000000 00:00 0 
7b0bbc224000-7b0bbc963000 ---p 00000000 00:00 0 
7b0bbc963000-7b0bbc9e0000 rw-p 00000000 00:00 0 
7b0bbc9e0000-7b0bbd11f000 ---p 00000000 00:00 0 
7b0bbd11f000-7b0bbdb2f000 rw-p 00000000 00:00 0 
7b0bbdb2f000-7b0bbdc15000 ---p 00000000 00:00 0 
7b0bbdc15000-7b0bbdc22000 rw-p 00000000 00:00 0 
7b0bbdc22000-7b0bbdd00000 ---p 00000000 00:00 0 
7b0bbdd00000-7b0bbdd04000 ---p 00000000 00:00 0 
7b0bbdd04000-7b0bbde00000 rw-p 00000000 00:00 0 
7b0bbde00000-7b0bbde9d000 r--p 00000000 103:02 21770025                  /usr/lib/x86_64-linux-gnu/libstdc++.so.6.0.33
7b0bbde9d000-7b0bbdfe5000 r-xp 0009d000 103:02 21770025                  /usr/lib/x86_64-linux-gnu/libstdc++.so.6.0.33
7b0bbdfe5000-7b0bbe06c000 r--p 001e5000 103:02 21770025                  /usr/lib/x86_64-linux-gnu/libstdc++.so.6.0.33
7b0bbe06c000-7b0bbe077000 r--p 0026b000 103:02 21770025                  /usr/lib/x86_64-linux-gnu/libstdc++.so.6.0.33
7b0bbe077000-7b0bbe07a000 rw-p 00276000 103:02 21770025                  /usr/lib/x86_64-linux-gnu/libstdc++.so.6.0.33
7b0bbe07a000-7b0bbe07e000 rw-p 00000000 00:00 0 
7b0bbe0d6000-7b0bbe117000 rw-p 00000000 00:00 0 
7b0bbe117000-7b0bbe127000 r--p 00000000 103:02 21769803                  /usr/lib/x86_64-linux-gnu/libm.so.6
7b0bbe127000-7b0bbe1a6000 r-xp 00010000 103:02 21769803                  /usr/lib/x86_64-linux-gnu/libm.so.6
7b0bbe1a6000-7b0bbe1fe000 r--p 0008f000 103:02 21769803                  /usr/lib/x86_64-linux-gnu/libm.so.6
7b0bbe1fe000-7b0bbe1ff000 r--p 000e7000 103:02 21769803                  /usr/lib/x86_64-linux-gnu/libm.so.6
7b0bbe1ff000-7b0bbe200000 rw-p 000e8000 103:02 21769803                  /usr/lib/x86_64-linux-gnu/libm.so.6
7b0bbe200000-7b0bbe4a2000 r--p 00000000 103:02 22699122                  /usr/lib/jvm/java-21-openjdk-amd64/lib/server/libjvm.so
7b0bbe4a2000-7b0bbf318000 r-xp 002a2000 103:02 22699122                  /usr/lib/jvm/java-21-openjdk-amd64/lib/server/libjvm.so
7b0bbf318000-7b0bbf5f2000 r--p 01118000 103:02 22699122                  /usr/lib/jvm/java-21-openjdk-amd64/lib/server/libjvm.so
7b0bbf5f2000-7b0bbf6c6000 r--p 013f1000 103:02 22699122                  /usr/lib/jvm/java-21-openjdk-amd64/lib/server/libjvm.so
7b0bbf6c6000-7b0bbf6f6000 rw-p 014c5000 103:02 22699122                  /usr/lib/jvm/java-21-openjdk-amd64/lib/server/libjvm.so
7b0bbf6f6000-7b0bbf75c000 rw-p 00000000 00:00 0 
7b0bbf75c000-7b0bbf760000 r--p 00000000 103:02 22699114                  /usr/lib/jvm/java-21-openjdk-amd64/lib/libverify.so
7b0bbf760000-7b0bbf767000 r-xp 00004000 103:02 22699114                  /usr/lib/jvm/java-21-openjdk-amd64/lib/libverify.so
7b0bbf767000-7b0bbf769000 r--p 0000b000 103:02 22699114                  /usr/lib/jvm/java-21-openjdk-amd64/lib/libverify.so
7b0bbf769000-7b0bbf76b000 r--p 0000c000 103:02 22699114                  /usr/lib/jvm/java-21-openjdk-amd64/lib/libverify.so
7b0bbf76b000-7b0bbf76c000 rw-p 0000e000 103:02 22699114                  /usr/lib/jvm/java-21-openjdk-amd64/lib/libverify.so
7b0bbf76c000-7b0bbf76d000 r--p 00000000 103:02 21770078                  /usr/lib/x86_64-linux-gnu/libutil.so.1
7b0bbf76d000-7b0bbf76e000 r-xp 00001000 103:02 21770078                  /usr/lib/x86_64-linux-gnu/libutil.so.1
7b0bbf76e000-7b0bbf76f000 r--p 00002000 103:02 21770078                  /usr/lib/x86_64-linux-gnu/libutil.so.1
7b0bbf76f000-7b0bbf770000 r--p 00002000 103:02 21770078                  /usr/lib/x86_64-linux-gnu/libutil.so.1
7b0bbf770000-7b0bbf771000 rw-p 00003000 103:02 21770078                  /usr/lib/x86_64-linux-gnu/libutil.so.1
7b0bbf779000-7b0bbf780000 r--s 00000000 103:02 21771180                  /usr/lib/x86_64-linux-gnu/gconv/gconv-modules.cache
7b0bbf780000-7b0bbf800000 rw-p 00000000 00:00 0 
7b0bbf800000-7b0bbf828000 r--p 00000000 103:02 21769498                  /usr/lib/x86_64-linux-gnu/libc.so.6
7b0bbf828000-7b0bbf9b0000 r-xp 00028000 103:02 21769498                  /usr/lib/x86_64-linux-gnu/libc.so.6
7b0bbf9b0000-7b0bbf9ff000 r--p 001b0000 103:02 21769498                  /usr/lib/x86_64-linux-gnu/libc.so.6
7b0bbf9ff000-7b0bbfa03000 r--p 001fe000 103:02 21769498                  /usr/lib/x86_64-linux-gnu/libc.so.6
7b0bbfa03000-7b0bbfa05000 rw-p 00202000 103:02 21769498                  /usr/lib/x86_64-linux-gnu/libc.so.6
7b0bbfa05000-7b0bbfa12000 rw-p 00000000 00:00 0 
7b0bbfa12000-7b0bbfa14000 r--p 00000000 103:02 22699115                  /usr/lib/jvm/java-21-openjdk-amd64/lib/libzip.so
7b0bbfa14000-7b0bbfa19000 r-xp 00002000 103:02 22699115                  /usr/lib/jvm/java-21-openjdk-amd64/lib/libzip.so
7b0bbfa19000-7b0bbfa1b000 r--p 00007000 103:02 22699115                  /usr/lib/jvm/java-21-openjdk-amd64/lib/libzip.so
7b0bbfa1b000-7b0bbfa1c000 r--p 00008000 103:02 22699115                  /usr/lib/jvm/java-21-openjdk-amd64/lib/libzip.so
7b0bbfa1c000-7b0bbfa1d000 rw-p 00009000 103:02 22699115                  /usr/lib/jvm/java-21-openjdk-amd64/lib/libzip.so
7b0bbfa1d000-7b0bbfa20000 r--p 00000000 103:02 22699107                  /usr/lib/jvm/java-21-openjdk-amd64/lib/libnet.so
7b0bbfa20000-7b0bbfa28000 r-xp 00003000 103:02 22699107                  /usr/lib/jvm/java-21-openjdk-amd64/lib/libnet.so
7b0bbfa28000-7b0bbfa2a000 r--p 0000b000 103:02 22699107                  /usr/lib/jvm/java-21-openjdk-amd64/lib/libnet.so
7b0bbfa2a000-7b0bbfa2b000 r--p 0000c000 103:02 22699107                  /usr/lib/jvm/java-21-openjdk-amd64/lib/libnet.so
7b0bbfa2b000-7b0bbfa2c000 rw-p 0000d000 103:02 22699107                  /usr/lib/jvm/java-21-openjdk-amd64/lib/libnet.so
7b0bbfa2c000-7b0bbfa33000 r--p 00000000 103:02 22699108                  /usr/lib/jvm/java-21-openjdk-amd64/lib/libnio.so
7b0bbfa33000-7b0bbfa3c000 r-xp 00007000 103:02 22699108                  /usr/lib/jvm/java-21-openjdk-amd64/lib/libnio.so
7b0bbfa3c000-7b0bbfa40000 r--p 00010000 103:02 22699108                  /usr/lib/jvm/java-21-openjdk-amd64/lib/libnio.so
7b0bbfa40000-7b0bbfa41000 r--p 00014000 103:02 22699108                  /usr/lib/jvm/java-21-openjdk-amd64/lib/libnio.so
7b0bbfa41000-7b0bbfa42000 rw-p 00015000 103:02 22699108                  /usr/lib/jvm/java-21-openjdk-amd64/lib/libnio.so
7b0bbfa42000-7b0bbfa47000 rw-p 00000000 00:00 0 
7b0bbfa47000-7b0bbfa4e000 ---p 00000000 00:00 0 
7b0bbfa4e000-7b0bbfa5b000 r--p 00000000 103:02 22699093                  /usr/lib/jvm/java-21-openjdk-amd64/lib/libjava.so
7b0bbfa5b000-7b0bbfa6a000 r-xp 0000d000 103:02 22699093                  /usr/lib/jvm/java-21-openjdk-amd64/lib/libjava.so
7b0bbfa6a000-7b0bbfa6f000 r--p 0001c000 103:02 22699093                  /usr/lib/jvm/java-21-openjdk-amd64/lib/libjava.so
7b0bbfa6f000-7b0bbfa70000 r--p 00021000 103:02 22699093                  /usr/lib/jvm/java-21-openjdk-amd64/lib/libjava.so
7b0bbfa70000-7b0bbfa71000 rw-p 00022000 103:02 22699093                  /usr/lib/jvm/java-21-openjdk-amd64/lib/libjava.so
7b0bbfa71000-7b0bbfa72000 rw-p 00000000 00:00 0 
7b0bbfa72000-7b0bbfa7a000 rw-s 00000000 103:02 30933050                  /tmp/hsperfdata_lucky/133616
7b0bbfa7a000-7b0bbfa7e000 r--p 00000000 103:02 21769632                  /usr/lib/x86_64-linux-gnu/libgcc_s.so.1
7b0bbfa7e000-7b0bbfaa2000 r-xp 00004000 103:02 21769632                  /usr/lib/x86_64-linux-gnu/libgcc_s.so.1
7b0bbfaa2000-7b0bbfaa6000 r--p 00028000 103:02 21769632                  /usr/lib/x86_64-linux-gnu/libgcc_s.so.1
7b0bbfaa6000-7b0bbfaa7000 r--p 0002b000 103:02 21769632                  /usr/lib/x86_64-linux-gnu/libgcc_s.so.1
7b0bbfaa7000-7b0bbfaa8000 rw-p 0002c000 103:02 21769632                  /usr/lib/x86_64-linux-gnu/libgcc_s.so.1
7b0bbfaa8000-7b0bbfaaa000 rw-p 00000000 00:00 0 
7b0bbfaaa000-7b0bbfaac000 r--p 00000000 103:02 22699097                  /usr/lib/jvm/java-21-openjdk-amd64/lib/libjli.so
7b0bbfaac000-7b0bbfab6000 r-xp 00002000 103:02 22699097                  /usr/lib/jvm/java-21-openjdk-amd64/lib/libjli.so
7b0bbfab6000-7b0bbfab9000 r--p 0000c000 103:02 22699097                  /usr/lib/jvm/java-21-openjdk-amd64/lib/libjli.so
7b0bbfab9000-7b0bbfaba000 r--p 0000f000 103:02 22699097                  /usr/lib/jvm/java-21-openjdk-amd64/lib/libjli.so
7b0bbfaba000-7b0bbfabb000 rw-p 00010000 103:02 22699097                  /usr/lib/jvm/java-21-openjdk-amd64/lib/libjli.so
7b0bbfabb000-7b0bbfabd000 r--p 00000000 103:02 21770159                  /usr/lib/x86_64-linux-gnu/libz.so.1.3
7b0bbfabd000-7b0bbfacf000 r-xp 00002000 103:02 21770159                  /usr/lib/x86_64-linux-gnu/libz.so.1.3
7b0bbfacf000-7b0bbfad5000 r--p 00014000 103:02 21770159                  /usr/lib/x86_64-linux-gnu/libz.so.1.3
7b0bbfad5000-7b0bbfad6000 r--p 0001a000 103:02 21770159                  /usr/lib/x86_64-linux-gnu/libz.so.1.3
7b0bbfad6000-7b0bbfad7000 rw-p 0001b000 103:02 21770159                  /usr/lib/x86_64-linux-gnu/libz.so.1.3
7b0bbfadb000-7b0bbfadc000 ---p 00000000 00:00 0 
7b0bbfadc000-7b0bbfadd000 r--p 00000000 00:00 0 
7b0bbfadd000-7b0bbfade000 ---p 00000000 00:00 0 
7b0bbfade000-7b0bbfae0000 r--p 00000000 103:02 22699096                  /usr/lib/jvm/java-21-openjdk-amd64/lib/libjimage.so
7b0bbfae0000-7b0bbfae3000 r-xp 00002000 103:02 22699096                  /usr/lib/jvm/java-21-openjdk-amd64/lib/libjimage.so
7b0bbfae3000-7b0bbfae4000 r--p 00005000 103:02 22699096                  /usr/lib/jvm/java-21-openjdk-amd64/lib/libjimage.so
7b0bbfae4000-7b0bbfae5000 r--p 00006000 103:02 22699096                  /usr/lib/jvm/java-21-openjdk-amd64/lib/libjimage.so
7b0bbfae5000-7b0bbfae6000 rw-p 00007000 103:02 22699096                  /usr/lib/jvm/java-21-openjdk-amd64/lib/libjimage.so
7b0bbfae6000-7b0bbfae8000 rw-p 00000000 00:00 0 
7b0bbfae8000-7b0bbfaec000 r--p 00000000 00:00 0                          [vvar]
7b0bbfaec000-7b0bbfaee000 r--p 00000000 00:00 0                          [vvar_vclock]
7b0bbfaee000-7b0bbfaf0000 r-xp 00000000 00:00 0                          [vdso]
7b0bbfaf0000-7b0bbfaf1000 r--p 00000000 103:02 21769292                  /usr/lib/x86_64-linux-gnu/ld-linux-x86-64.so.2
7b0bbfaf1000-7b0bbfb1c000 r-xp 00001000 103:02 21769292                  /usr/lib/x86_64-linux-gnu/ld-linux-x86-64.so.2
7b0bbfb1c000-7b0bbfb26000 r--p 0002c000 103:02 21769292                  /usr/lib/x86_64-linux-gnu/ld-linux-x86-64.so.2
7b0bbfb26000-7b0bbfb28000 r--p 00036000 103:02 21769292                  /usr/lib/x86_64-linux-gnu/ld-linux-x86-64.so.2
7b0bbfb28000-7b0bbfb2a000 rw-p 00038000 103:02 21769292                  /usr/lib/x86_64-linux-gnu/ld-linux-x86-64.so.2
7fff2c4d8000-7fff2c4f9000 rw-p 00000000 00:00 0                          [stack]
ffffffffff600000-ffffffffff601000 --xp 00000000 00:00 0                  [vsyscall]
Total number of mappings: 266

JVMTI agents: none


VM Arguments:
jvm_args: --enable-native-access=ALL-UNNAMED -Dfile.encoding=UTF-8 -Dclassworlds.conf=/snap/intellij-idea/54/plugins/maven/lib/maven3/bin/m2.conf -Dmaven.home=/snap/intellij-idea/54/plugins/maven/lib/maven3 -Dlibrary.jansi.path=/snap/intellij-idea/54/plugins/maven/lib/maven3/lib/jansi-native -Dmaven.multiModuleProjectDirectory=/home/lucky/Downloads/lucky-pos 
java_command: org.codehaus.plexus.classworlds.launcher.Launcher -Didea.version=2026.1 -Dmaven.ext.class.path=/snap/intellij-idea/54/plugins/maven/lib/intellij.maven.rt/maven-event-listener.jar -Djansi.passthrough=true -Dstyle.color=always -Dmaven.repo.local=/home/lucky/.m2/repository clean -f pom.xml
java_class_path (initial): /snap/intellij-idea/54/plugins/maven/lib/maven3/boot/plexus-classworlds-2.9.0.jar
Launcher Type: SUN_STANDARD

[Global flags]
     intx CICompilerCount                          = 4                                         {product} {ergonomic}
     uint ConcGCThreads                            = 3                                         {product} {ergonomic}
     uint G1ConcRefinementThreads                  = 10                                        {product} {ergonomic}
   size_t G1HeapRegionSize                         = 2097152                                   {product} {ergonomic}
    uintx GCDrainStackTargetSize                   = 64                                        {product} {ergonomic}
   size_t InitialHeapSize                          = 260046848                                 {product} {ergonomic}
   size_t MarkStackSize                            = 4194304                                   {product} {ergonomic}
   size_t MaxHeapSize                              = 4152360960                                {product} {ergonomic}
   size_t MaxNewSize                               = 2491416576                                {product} {ergonomic}
   size_t MinHeapDeltaBytes                        = 2097152                                   {product} {ergonomic}
   size_t MinHeapSize                              = 8388608                                   {product} {ergonomic}
    uintx NonNMethodCodeHeapSize                   = 5839372                                {pd product} {ergonomic}
    uintx NonProfiledCodeHeapSize                  = 122909434                              {pd product} {ergonomic}
    uintx ProfiledCodeHeapSize                     = 122909434                              {pd product} {ergonomic}
    uintx ReservedCodeCacheSize                    = 251658240                              {pd product} {ergonomic}
     bool SegmentedCodeCache                       = true                                      {product} {ergonomic}
   size_t SoftMaxHeapSize                          = 4152360960                             {manageable} {ergonomic}
     bool UseCompressedOops                        = true                           {product lp64_product} {ergonomic}
     bool UseG1GC                                  = true                                      {product} {ergonomic}

Logging:
Log output configuration:
 #0: stdout all=warning uptime,level,tags foldmultilines=false
 #1: stderr all=off uptime,level,tags foldmultilines=false

Release file:
IMPLEMENTOR="Ubuntu"
JAVA_RUNTIME_VERSION="21.0.10+7-Ubuntu-124.04"
JAVA_VERSION="21.0.10"
JAVA_VERSION_DATE="2026-01-20"
LIBC="gnu"
MODULES="java.base java.compiler java.datatransfer java.xml java.prefs java.desktop java.instrument java.logging java.management java.security.sasl java.naming java.rmi java.management.rmi java.net.http java.scripting java.security.jgss java.transaction.xa java.sql java.sql.rowset java.xml.crypto java.se java.smartcardio jdk.accessibility jdk.internal.jvmstat jdk.attach jdk.charsets jdk.internal.opt jdk.zipfs jdk.compiler jdk.crypto.ec jdk.crypto.cryptoki jdk.dynalink jdk.internal.ed jdk.editpad jdk.hotspot.agent jdk.httpserver jdk.incubator.vector jdk.internal.le jdk.internal.vm.ci jdk.internal.vm.compiler jdk.internal.vm.compiler.management jdk.jartool jdk.javadoc jdk.jcmd jdk.management jdk.management.agent jdk.jconsole jdk.jdeps jdk.jdwp.agent jdk.jdi jdk.jfr jdk.jlink jdk.jpackage jdk.jshell jdk.jsobject jdk.jstatd jdk.localedata jdk.management.jfr jdk.naming.dns jdk.naming.rmi jdk.net jdk.nio.mapmode jdk.random jdk.sctp jdk.security.auth jdk.security.jgss jdk.unsupported jdk.unsupported.desktop jdk.xml.dom"
OS_ARCH="x86_64"
OS_NAME="Linux"
SOURCE=""

Environment Variables:
JAVA_HOME=/usr/lib/jvm/java-1.21.0-openjdk-amd64
PATH=/usr/local/sbin:/usr/local/bin:/usr/sbin:/usr/bin:/sbin:/bin:/usr/games:/usr/local/games:/snap/bin:/snap/bin
USERNAME=lucky
SHELL=/usr/bin/zsh
DISPLAY=:0
LANG=en_US.UTF-8

Active Locale:
LC_ALL=en_US.UTF-8
LC_COLLATE=en_US.UTF-8
LC_CTYPE=en_US.UTF-8
LC_MESSAGES=en_US.UTF-8
LC_MONETARY=en_US.UTF-8
LC_NUMERIC=en_US.UTF-8
LC_TIME=en_US.UTF-8

Signal Handlers:
   SIGSEGV: crash_handler in libjvm.so, mask=11100100010111111101111111111110, flags=SA_RESTART|SA_SIGINFO, unblocked
    SIGBUS: crash_handler in libjvm.so, mask=11100100010111111101111111111110, flags=SA_RESTART|SA_SIGINFO, unblocked
    SIGFPE: crash_handler in libjvm.so, mask=11100100010111111101111111111110, flags=SA_RESTART|SA_SIGINFO, unblocked
   SIGPIPE: javaSignalHandler in libjvm.so, mask=11100100010111111101111111111110, flags=SA_RESTART|SA_SIGINFO, blocked
   SIGXFSZ: javaSignalHandler in libjvm.so, mask=11100100010111111101111111111110, flags=SA_RESTART|SA_SIGINFO, blocked
    SIGILL: crash_handler in libjvm.so, mask=11100100010111111101111111111110, flags=SA_RESTART|SA_SIGINFO, unblocked
   SIGUSR2: SR_handler in libjvm.so, mask=00000000000000000000000000000000, flags=SA_RESTART|SA_SIGINFO, blocked
    SIGHUP: UserHandler in libjvm.so, mask=11100100010111111101111111111110, flags=SA_RESTART|SA_SIGINFO, blocked
    SIGINT: UserHandler in libjvm.so, mask=11100100010111111101111111111110, flags=SA_RESTART|SA_SIGINFO, blocked
   SIGTERM: UserHandler in libjvm.so, mask=11100100010111111101111111111110, flags=SA_RESTART|SA_SIGINFO, blocked
   SIGQUIT: UserHandler in libjvm.so, mask=11100100010111111101111111111110, flags=SA_RESTART|SA_SIGINFO, blocked
   SIGTRAP: crash_handler in libjvm.so, mask=11100100010111111101111111111110, flags=SA_RESTART|SA_SIGINFO, unblocked


Periodic native trim disabled

---------------  S Y S T E M  ---------------

OS:
DISTRIB_ID=Ubuntu
DISTRIB_RELEASE=24.04
DISTRIB_CODENAME=noble
DISTRIB_DESCRIPTION="Ubuntu 24.04.4 LTS"
uname: Linux 6.17.0-14-generic #14~24.04.1-Ubuntu SMP PREEMPT_DYNAMIC Thu Jan 15 15:52:10 UTC 2 x86_64
OS uptime: 0 days 0:58 hours
libc: glibc 2.39 NPTL 2.39 
rlimit (soft/hard): STACK 8192k/infinity , CORE 0k/infinity , NPROC 62845/62845 , NOFILE 1048576/1048576 , AS infinity/infinity , CPU infinity/infinity , DATA infinity/infinity , FSIZE infinity/infinity , MEMLOCK 2027488k/2027488k
load average: 4.38 2.99 1.87

/proc/meminfo:
MemTotal:       16219920 kB
MemFree:         5016252 kB
MemAvailable:   10279568 kB
Buffers:          132436 kB
Cached:          5769500 kB
SwapCached:            0 kB
Active:          7366584 kB
Inactive:        2282896 kB
Active(anon):    4187712 kB
Inactive(anon):        0 kB
Active(file):    3178872 kB
Inactive(file):  2282896 kB
Unevictable:      774168 kB
Mlocked:             104 kB
SwapTotal:       4194300 kB
SwapFree:        4194300 kB
Zswap:                 0 kB
Zswapped:              0 kB
Dirty:              6612 kB
Writeback:             0 kB
AnonPages:       4522476 kB
Mapped:          1814060 kB
Shmem:            799568 kB
KReclaimable:     117324 kB
Slab:             390540 kB
SReclaimable:     117324 kB
SUnreclaim:       273216 kB
KernelStack:       22096 kB
PageTables:        53700 kB
SecPageTables:      4472 kB
NFS_Unstable:          0 kB
Bounce:                0 kB
WritebackTmp:          0 kB
CommitLimit:    12304260 kB
Committed_AS:   12413868 kB
VmallocTotal:   34359738367 kB
VmallocUsed:      131452 kB
VmallocChunk:          0 kB
Percpu:            12816 kB
HardwareCorrupted:     0 kB
AnonHugePages:         0 kB
ShmemHugePages:   731136 kB
ShmemPmdMapped:        0 kB
FileHugePages:         0 kB
FilePmdMapped:         0 kB
CmaTotal:              0 kB
CmaFree:               0 kB
Unaccepted:            0 kB
Balloon:               0 kB
HugePages_Total:       0
HugePages_Free:        0
HugePages_Rsvd:        0
HugePages_Surp:        0
Hugepagesize:       2048 kB
Hugetlb:               0 kB
DirectMap4k:      367260 kB
DirectMap2M:     5771264 kB
DirectMap1G:    10485760 kB

/sys/kernel/mm/transparent_hugepage/enabled: always [madvise] never
/sys/kernel/mm/transparent_hugepage/hpage_pmd_size: 2097152
/sys/kernel/mm/transparent_hugepage/defrag (defrag/compaction efforts parameter): always defer defer+madvise [madvise] never

Process Memory:
Virtual Size: 7685908K (peak: 7746916K)
Resident Set Size: 162440K (peak: 162440K) (anon: 138084K, file: 24356K, shmem: 0K)
Swapped out: 0K
C-Heap outstanding allocations: 50466K, retained: 7753K
glibc malloc tunables: (default)

/proc/sys/kernel/threads-max (system-wide limit on the number of threads): 125691
/proc/sys/vm/max_map_count (maximum number of memory map areas a process may have): 1048576
/proc/sys/vm/swappiness (control to define how aggressively the kernel swaps out anonymous memory): 60
/proc/sys/kernel/pid_max (system-wide limit on number of process identifiers): 4194304

container information not found.
Steal ticks since vm start: 0
Steal ticks percentage since vm start:  0.000

CPU: total 12 (initial active 12) (6 cores per cpu, 2 threads per core) family 6 model 158 stepping 13 microcode 0x104, cx8, cmov, fxsr, ht, mmx, 3dnowpref, sse, sse2, sse3, ssse3, sse4.1, sse4.2, popcnt, lzcnt, tsc, tscinvbit, avx, avx2, aes, erms, clmul, bmi1, bmi2, adx, fma, vzeroupper, clflush, clflushopt, rdtscp, f16c
CPU Model and flags from /proc/cpuinfo:
model name	: Intel(R) Core(TM) i7-9750H CPU @ 2.60GHz
flags		: fpu vme de pse tsc msr pae mce cx8 apic sep mtrr pge mca cmov pat pse36 clflush dts acpi mmx fxsr sse sse2 ss ht tm pbe syscall nx pdpe1gb rdtscp lm constant_tsc art arch_perfmon pebs bts rep_good nopl xtopology nonstop_tsc cpuid aperfmperf pni pclmulqdq dtes64 monitor ds_cpl vmx est tm2 ssse3 sdbg fma cx16 xtpr pdcm pcid sse4_1 sse4_2 x2apic movbe popcnt tsc_deadline_timer aes xsave avx f16c rdrand lahf_lm abm 3dnowprefetch cpuid_fault epb ssbd ibrs ibpb stibp ibrs_enhanced tpr_shadow flexpriority ept vpid ept_ad fsgsbase tsc_adjust bmi1 avx2 smep bmi2 erms invpcid mpx rdseed adx smap clflushopt intel_pt xsaveopt xsavec xgetbv1 xsaves dtherm ida arat pln pts hwp hwp_notify hwp_act_window hwp_epp vnmi md_clear flush_l1d arch_capabilities

Online cpus: 0-11
Offline cpus: 
BIOS frequency limitation: <Not Available>
Frequency switch latency (ns): 0
Available cpu frequencies: <Not Available>
Current governor: powersave
Core performance/turbo boost: <Not Available>

Memory: 4k page, physical 16219920k(10279568k free), swap 4194300k(4194300k free)
Page Sizes: 4k

vm_info: OpenJDK 64-Bit Server VM (21.0.10+7-Ubuntu-124.04) for linux-amd64 JRE (21.0.10+7-Ubuntu-124.04), built on 2026-01-22T23:46:23Z by "buildd" with gcc 13.3.0

END.
